Pressure,Temperature,Density,Enthalpy,Internal Energy,Gibbs Energy,Entropy,Molecular Mass,Specific Heat Capacity,Sound Speed,Viscosity,Thermal Conductivity,Prandtl Number
0.2,200,0.529,-9020,-9060,-9990,4.85,44,0.735,226,0.101,0.0955,0.776
0.2,300,0.353,-8940,-9000,-10500,5.17,44,0.846,270,0.15,0.166,0.764
0.2,400,0.265,-8850,-8930,-11000,5.42,44,0.939,308,0.197,0.246,0.753
0.2,500,0.212,-8750,-8850,-11600,5.64,44,1.01,341,0.24,0.326,0.748
0.2,600,0.176,-8650,-8760,-12100,5.83,44,1.08,371,0.28,0.403,0.746
0.2,700,0.151,-8540,-8670,-12700,6,44,1.13,399,0.317,0.478,0.746
0.2,800,0.132,-8420,-8570,-13300,6.15,44,1.17,425,0.351,0.548,0.748
0.2,900,0.118,-8300,-8470,-14000,6.29,44,1.2,449,0.383,0.616,0.749
0.2,1000,0.106,-8180,-8370,-14600,6.42,44,1.23,472,0.413,0.68,0.75
0.2,1100,0.0962,-8060,-8270,-15300,6.54,44,1.26,494,0.442,0.741,0.752
0.2,1200,0.0882,-7930,-8160,-15900,6.65,44,1.28,516,0.47,0.801,0.752
0.2,1300,0.0814,-7800,-8050,-16600,6.76,44,1.3,536,0.497,0.861,0.752
0.2,1400,0.0756,-7670,-7930,-17300,6.85,44,1.33,555,0.523,0.926,0.75
0.2,1500,0.0706,-7540,-7820,-18000,6.95,44,1.37,574,0.548,1,0.746
0.2,1600,0.0661,-7400,-7700,-18700,7.04,44,1.43,591,0.573,1.11,0.738
0.2,1700,0.0622,-7250,-7570,-19400,7.13,43.9,1.52,608,0.597,1.26,0.725
0.2,1800,0.0586,-7090,-7430,-20100,7.22,43.8,1.68,624,0.621,1.48,0.707
0.2,1900,0.0553,-6910,-7270,-20800,7.31,43.7,1.92,639,0.645,1.81,0.687
0.2,2000,0.0523,-6700,-7080,-21500,7.42,43.4,2.27,654,0.669,2.28,0.668
0.2,2100,0.0493,-6450,-6860,-22300,7.54,43.1,2.74,671,0.694,2.92,0.652
0.2,2200,0.0465,-6150,-6580,-23100,7.68,42.5,3.36,689,0.72,3.77,0.641
0.2,2300,0.0437,-5770,-6230,-23800,7.85,41.8,4.12,709,0.747,4.84,0.637
0.2,2400,0.0409,-5320,-5810,-24600,8.04,40.8,5.01,732,0.776,6.09,0.638
0.2,2500,0.0381,-4770,-5300,-25400,8.27,39.6,5.98,758,0.805,7.48,0.644
0.2,2600,0.0353,-4120,-4690,-26300,8.52,38.1,6.99,788,0.836,8.94,0.653
0.2,2700,0.0326,-3370,-3990,-27100,8.8,36.6,7.94,821,0.866,10.4,0.664
0.2,2800,0.03,-2540,-3200,-28000,9.11,34.9,8.78,856,0.896,11.7,0.674
0.2,2900,0.0276,-1620,-2350,-29000,9.43,33.2,9.46,895,0.926,12.9,0.681
0.2,3000,0.0253,-650,-1440,-29900,9.76,31.6,9.95,935,0.955,13.8,0.688
0.2,3100,0.0233,362,-497,-30900,10.1,30,10.3,978,0.983,14.5,0.694
0.2,3200,0.0215,1390,463,-31900,10.4,28.6,10.4,1020,1.01,14.9,0.703
0.2,3300,0.0199,2420,1420,-33000,10.7,27.2,10.2,1060,1.04,14.8,0.715
0.2,3400,0.0184,3420,2330,-34100,11,26.1,9.67,1110,1.07,14.1,0.733
0.2,3500,0.0172,4350,3180,-35200,11.3,25.1,8.8,1150,1.09,12.8,0.752
0.2,3600,0.0162,5170,3940,-36300,11.5,24.3,7.66,1190,1.12,11.1,0.772
0.2,3700,0.0154,5870,4570,-37500,11.7,23.6,6.4,1230,1.15,9.31,0.787
0.2,3800,0.0147,6450,5090,-38700,11.9,23.2,5.2,1270,1.17,7.64,0.797
0.2,3900,0.0141,6920,5500,-39900,12,22.8,4.17,1300,1.2,6.24,0.799
0.2,4000,0.0136,7290,5820,-41100,12.1,22.6,3.37,1340,1.22,5.17,0.795
0.2,4100,0.0131,7600,6080,-42300,12.2,22.4,2.78,1370,1.24,4.39,0.787
0.2,4200,0.0128,7850,6290,-43500,12.2,22.3,2.35,1410,1.27,3.85,0.776
0.2,4300,0.0124,8070,6460,-44700,12.3,22.2,2.06,1440,1.29,3.48,0.764
0.2,4400,0.0121,8270,6620,-46000,12.3,22.2,1.85,1470,1.32,3.24,0.753
0.2,4500,0.0118,8450,6760,-47200,12.4,22.1,1.72,1500,1.34,3.09,0.744
0.2,4600,0.0116,8610,6880,-48500,12.4,22.1,1.63,1520,1.36,3,0.736
0.2,4700,0.0113,8770,7000,-49700,12.4,22.1,1.57,1540,1.38,2.98,0.73
0.2,4800,0.011,8930,7120,-50900,12.5,22,1.54,1560,1.41,3,0.725
0.2,4900,0.0108,9080,7230,-52200,12.5,22,1.55,1580,1.43,3.07,0.72
0.2,5000,0.0106,9240,7350,-53400,12.5,22,1.58,1590,1.45,3.2,0.715
0.2,5100,0.0104,9400,7470,-54700,12.6,22,1.65,1600,1.47,3.43,0.709
0.2,5200,0.0102,9570,7600,-56000,12.6,22,1.77,1600,1.5,3.77,0.704
0.2,5300,0.00997,9760,7750,-57200,12.6,22,1.97,1600,1.52,4.28,0.699
0.2,5400,0.00977,9970,7920,-58500,12.7,21.9,2.26,1600,1.54,5.04,0.692
0.2,5500,0.00957,10200,8120,-59800,12.7,21.9,2.69,1600,1.56,6.12,0.686
0.2,5600,0.00937,10500,8380,-61000,12.8,21.8,3.29,1600,1.58,7.65,0.682
0.2,5700,0.00916,10900,8700,-62300,12.8,21.7,4.11,1600,1.61,9.72,0.679
0.2,5800,0.00895,11300,9110,-63600,12.9,21.6,5.2,1610,1.63,12.4,0.68
0.2,5900,0.00872,11900,9640,-64900,13,21.4,6.57,1620,1.65,15.8,0.685
0.2,6000,0.00848,12700,10300,-66200,13.1,21.2,8.24,1630,1.67,19.9,0.693
0.2,6100,0.00822,13600,11200,-67500,13.3,20.8,10.2,1650,1.69,24.4,0.705
0.2,6200,0.00794,14700,12200,-68900,13.5,20.5,12.2,1680,1.72,29.1,0.722
0.2,6300,0.00765,16000,13400,-70200,13.7,20,14.4,1710,1.74,33.7,0.741
0.2,6400,0.00735,17600,14800,-71600,13.9,19.5,16.3,1750,1.76,37.6,0.764
0.2,6500,0.00704,19300,16400,-73000,14.2,19,17.9,1780,1.78,40.5,0.789
0.2,6600,0.00674,21100,18200,-74400,14.5,18.5,19.1,1820,1.81,42.2,0.815
0.2,6700,0.00645,23100,20000,-75900,14.8,18,19.6,1870,1.83,42.5,0.84
0.2,6800,0.00617,25000,21800,-77400,15.1,17.5,19.4,1910,1.85,41.6,0.864
0.2,6900,0.00592,26900,23600,-78900,15.3,17,18.7,1950,1.87,39.6,0.884
0.2,7000,0.00569,28800,25300,-80500,15.6,16.6,17.5,1990,1.89,36.8,0.9
0.2,7100,0.00549,30400,26800,-82000,15.8,16.2,16,2030,1.91,33.6,0.91
0.2,7200,0.00531,32000,28200,-83600,16.1,15.9,14.4,2070,1.93,30.3,0.915
0.2,7300,0.00515,33300,29400,-85200,16.2,15.6,12.7,2110,1.94,27.2,0.912
0.2,7400,0.00501,34500,30500,-86900,16.4,15.4,11.2,2150,1.96,24.4,0.903
0.2,7500,0.00488,35600,31500,-88500,16.5,15.2,9.85,2180,1.98,22,0.888
0.2,7600,0.00477,36500,32300,-90200,16.7,15.1,8.69,2220,2,20,0.868
0.2,7700,0.00467,37300,33000,-91900,16.8,14.9,7.73,2250,2.02,18.5,0.844
0.2,7800,0.00457,38000,33700,-93500,16.9,14.8,6.96,2280,2.03,17.3,0.818
0.2,7900,0.00449,38700,34300,-95200,17,14.7,6.37,2310,2.05,16.5,0.791
0.2,8000,0.0044,39300,34800,-96900,17,14.6,5.93,2340,2.06,16,0.765
0.2,8100,0.00433,39900,35300,-98600,17.1,14.6,5.61,2370,2.08,15.7,0.741
0.2,8200,0.00426,40500,35800,-100000,17.2,14.5,5.4,2390,2.09,15.7,0.719
0.2,8300,0.00419,41000,36200,-102000,17.2,14.4,5.28,2420,2.11,15.9,0.701
0.2,8400,0.00412,41500,36700,-104000,17.3,14.4,5.23,2440,2.12,16.2,0.685
0.2,8500,0.00405,42000,37100,-106000,17.4,14.3,5.24,2460,2.13,16.6,0.672
0.2,8600,0.00399,42600,37500,-107000,17.4,14.3,5.31,2480,2.14,17.2,0.661
0.2,8700,0.00393,43100,38000,-109000,17.5,14.2,5.42,2500,2.15,17.9,0.652
0.2,8800,0.00386,43600,38500,-111000,17.5,14.1,5.56,2510,2.16,18.6,0.645
0.2,8900,0.0038,44200,39000,-113000,17.6,14.1,5.74,2530,2.17,19.5,0.639
0.2,9000,0.00374,44800,39500,-114000,17.7,14,5.94,2550,2.18,20.4,0.635
0.2,9100,0.00368,45400,40000,-116000,17.7,13.9,6.17,2570,2.18,21.4,0.631
0.2,9200,0.00363,46000,40500,-118000,17.8,13.9,6.42,2580,2.19,22.4,0.628
0.2,9300,0.00357,46700,41100,-120000,17.9,13.8,6.69,2600,2.19,23.4,0.625
0.2,9400,0.00351,47400,41700,-121000,18,13.7,6.97,2620,2.19,24.5,0.623
0.2,9500,0.00345,48100,42300,-123000,18,13.6,7.26,2640,2.2,25.7,0.621
0.2,9600,0.0034,48800,42900,-125000,18.1,13.6,7.57,2660,2.2,26.8,0.62
0.2,9700,0.00334,49600,43600,-127000,18.2,13.5,7.89,2680,2.19,28,0.618
0.2,9800,0.00329,50400,44300,-129000,18.3,13.4,8.22,2700,2.19,29.2,0.617
0.2,9900,0.00323,51200,45000,-130000,18.4,13.3,8.56,2720,2.19,30.4,0.616
0.2,10000,0.00318,52100,45800,-132000,18.4,13.2,8.9,2740,2.18,31.5,0.615
0.2,10100,0.00312,53000,46600,-134000,18.5,13.1,9.25,2760,2.18,32.7,0.615
0.2,10200,0.00307,54000,47400,-136000,18.6,13,9.6,2790,2.17,33.9,0.614
0.2,10300,0.00302,54900,48300,-138000,18.7,12.9,9.96,2810,2.16,35,0.614
0.2,10400,0.00296,56000,49200,-140000,18.8,12.8,10.3,2830,2.15,36.1,0.614
0.2,10500,0.00291,57000,50100,-142000,18.9,12.7,10.7,2860,2.14,37.2,0.614
0.3,200,0.794,-9020,-9060,-9970,4.77,44,0.735,226,0.101,0.0955,0.776
0.3,300,0.529,-8940,-9000,-10500,5.09,44,0.846,270,0.15,0.166,0.764
0.3,400,0.397,-8850,-8930,-11000,5.35,44,0.939,308,0.197,0.246,0.753
0.3,500,0.318,-8750,-8850,-11500,5.56,44,1.01,341,0.24,0.326,0.748
0.3,600,0.265,-8650,-8760,-12100,5.76,44,1.08,371,0.28,0.403,0.746
0.3,700,0.227,-8540,-8670,-12700,5.93,44,1.13,399,0.317,0.478,0.746
0.3,800,0.198,-8420,-8570,-13300,6.08,44,1.17,425,0.351,0.548,0.748
0.3,900,0.176,-8300,-8470,-13900,6.22,44,1.2,449,0.383,0.616,0.749
0.3,1000,0.159,-8180,-8370,-14500,6.35,44,1.23,472,0.413,0.68,0.75
0.3,1100,0.144,-8060,-8270,-15200,6.47,44,1.26,494,0.442,0.741,0.752
0.3,1200,0.132,-7930,-8160,-15800,6.58,44,1.28,516,0.47,0.801,0.752
0.3,1300,0.122,-7800,-8050,-16500,6.68,44,1.3,536,0.497,0.861,0.752
0.3,1400,0.113,-7670,-7930,-17200,6.78,44,1.33,556,0.523,0.924,0.751
0.3,1500,0.106,-7540,-7820,-17800,6.87,44,1.36,574,0.548,0.999,0.747
0.3,1600,0.0992,-7400,-7700,-18500,6.96,44,1.41,592,0.573,1.1,0.74
0.3,1700,0.0933,-7250,-7570,-19200,7.05,43.9,1.5,608,0.597,1.23,0.728
0.3,1800,0.0879,-7100,-7440,-19900,7.14,43.9,1.64,624,0.621,1.43,0.712
0.3,1900,0.0831,-6920,-7280,-20700,7.23,43.7,1.85,639,0.645,1.73,0.692
0.3,2000,0.0785,-6720,-7100,-21400,7.33,43.5,2.16,655,0.669,2.14,0.673
0.3,2100,0.0742,-6490,-6890,-22100,7.45,43.2,2.57,671,0.693,2.72,0.657
0.3,2200,0.07,-6200,-6630,-22900,7.58,42.7,3.12,688,0.719,3.48,0.645
0.3,2300,0.0659,-5860,-6310,-23600,7.73,42,3.79,708,0.745,4.43,0.638
0.3,2400,0.0619,-5440,-5920,-24400,7.91,41.1,4.59,730,0.773,5.56,0.638
0.3,2500,0.0578,-4940,-5460,-25200,8.12,40,5.47,754,0.802,6.84,0.642
0.3,2600,0.0538,-4340,-4900,-26000,8.35,38.8,6.4,782,0.832,8.2,0.65
0.3,2700,0.0498,-3660,-4260,-26900,8.61,37.3,7.31,813,0.862,9.56,0.66
0.3,2800,0.046,-2880,-3540,-27800,8.89,35.7,8.14,847,0.893,10.8,0.67
0.3,2900,0.0424,-2030,-2740,-28700,9.19,34.1,8.83,883,0.922,12,0.678
0.3,3000,0.0391,-1120,-1890,-29600,9.49,32.5,9.36,922,0.951,13,0.685
0.3,3100,0.036,-167,-1000,-30600,9.81,31,9.73,963,0.979,13.8,0.69
0.3,3200,0.0332,817,-85.1,-31600,10.1,29.5,9.93,1000,1.01,14.4,0.697
0.3,3300,0.0308,1810,837,-32600,10.4,28.1,9.93,1050,1.03,14.6,0.706
0.3,3400,0.0285,2800,1740,-33700,10.7,26.9,9.68,1090,1.06,14.3,0.719
0.3,3500,0.0266,3740,2610,-34700,11,25.8,9.13,1130,1.09,13.5,0.737
0.3,3600,0.025,4610,3410,-35900,11.2,24.9,8.28,1170,1.12,12.2,0.756
0.3,3700,0.0236,5390,4110,-37000,11.5,24.2,7.2,1210,1.14,10.6,0.774
0.3,3800,0.0224,6050,4710,-38100,11.6,23.6,6.05,1250,1.17,8.99,0.788
0.3,3900,0.0214,6600,5200,-39300,11.8,23.1,4.97,1290,1.19,7.46,0.796
0.3,4000,0.0206,7050,5590,-40500,11.9,22.8,4.04,1320,1.22,6.18,0.798
0.3,4100,0.0199,7410,5910,-41700,12,22.6,3.31,1360,1.24,5.18,0.794
0.3,4200,0.0193,7720,6160,-42900,12,22.4,2.76,1390,1.27,4.45,0.786
0.3,4300,0.0187,7970,6370,-44100,12.1,22.3,2.36,1420,1.29,3.93,0.776
0.3,4400,0.0182,8190,6550,-45300,12.2,22.2,2.08,1460,1.31,3.57,0.765
0.3,4500,0.0178,8390,6700,-46500,12.2,22.2,1.88,1490,1.34,3.33,0.755
0.3,4600,0.0174,8570,6840,-47800,12.2,22.1,1.74,1510,1.36,3.18,0.746
0.3,4700,0.017,8740,6970,-49000,12.3,22.1,1.65,1540,1.38,3.09,0.738
0.3,4800,0.0166,8900,7090,-50200,12.3,22.1,1.59,1560,1.41,3.06,0.732
0.3,4900,0.0162,9060,7210,-51400,12.3,22.1,1.57,1580,1.43,3.08,0.726
0.3,5000,0.0159,9210,7330,-52700,12.4,22,1.57,1590,1.45,3.16,0.721
0.3,5100,0.0156,9370,7450,-53900,12.4,22,1.6,1600,1.47,3.3,0.715
0.3,5200,0.0153,9540,7570,-55200,12.4,22,1.67,1610,1.5,3.52,0.711
0.3,5300,0.015,9710,7710,-56400,12.5,22,1.8,1610,1.52,3.87,0.706
0.3,5400,0.0147,9900,7850,-57700,12.5,22,1.99,1610,1.54,4.38,0.699
0.3,5500,0.0144,10100,8030,-58900,12.5,21.9,2.28,1610,1.56,5.13,0.693
0.3,5600,0.0141,10400,8230,-60200,12.6,21.9,2.69,1610,1.58,6.2,0.687
0.3,5700,0.0138,10700,8480,-61400,12.6,21.8,3.26,1610,1.61,7.67,0.682
0.3,5800,0.0135,11000,8800,-62700,12.7,21.7,4.03,1610,1.63,9.64,0.68
0.3,5900,0.0132,11500,9200,-64000,12.8,21.6,5.03,1620,1.65,12.2,0.681
0.3,6000,0.0129,12000,9700,-65300,12.9,21.4,6.3,1630,1.67,15.4,0.684
0.3,6100,0.0125,12700,10300,-66500,13,21.2,7.83,1650,1.69,19.2,0.692
0.3,6200,0.0122,13600,11100,-67900,13.1,20.9,9.59,1670,1.72,23.4,0.703
0.3,6300,0.0118,14700,12100,-69200,13.3,20.5,11.5,1690,1.74,27.8,0.718
0.3,6400,0.0113,15900,13300,-70500,13.5,20.1,13.5,1720,1.76,32.2,0.737
0.3,6500,0.0109,17400,14600,-71900,13.7,19.7,15.3,1750,1.78,36.1,0.758
0.3,6600,0.0105,19000,16100,-73300,14,19.2,16.9,1790,1.8,39.1,0.781
0.3,6700,0.01,20700,17700,-74700,14.2,18.7,18.1,1830,1.83,41.1,0.806
0.3,6800,0.00963,22600,19500,-76100,14.5,18.1,18.8,1870,1.85,41.8,0.83
0.3,6900,0.00923,24500,21200,-77600,14.8,17.7,18.9,1910,1.87,41.4,0.854
0.3,7000,0.00886,26300,22900,-79100,15.1,17.2,18.4,1950,1.89,39.8,0.874
0.3,7100,0.00852,28100,24600,-80600,15.3,16.8,17.5,2000,1.91,37.5,0.891
0.3,7200,0.00821,29800,26200,-82100,15.5,16.4,16.2,2040,1.93,34.7,0.904
0.3,7300,0.00794,31400,27600,-83700,15.8,16.1,14.8,2080,1.95,31.6,0.911
0.3,7400,0.00769,32800,28900,-85300,16,15.8,13.3,2110,1.97,28.6,0.911
0.3,7500,0.00748,34000,30000,-86900,16.1,15.5,11.8,2150,1.99,25.8,0.906
0.3,7600,0.00728,35100,31000,-88500,16.3,15.3,10.4,2190,2,23.3,0.895
0.3,7700,0.00711,36100,31900,-90100,16.4,15.2,9.21,2220,2.02,21.2,0.879
0.3,7800,0.00695,37000,32700,-91800,16.5,15,8.2,2250,2.04,19.5,0.858
0.3,7900,0.00681,37800,33400,-93400,16.6,14.9,7.36,2290,2.06,18.1,0.834
0.3,8000,0.00668,38500,34000,-95100,16.7,14.8,6.68,2320,2.07,17.1,0.809
0.3,8100,0.00656,39100,34500,-96800,16.8,14.7,6.16,2350,2.09,16.4,0.783
0.3,8200,0.00644,39700,35000,-98500,16.8,14.6,5.77,2380,2.1,16,0.759
0.3,8300,0.00633,40300,35500,-100000,16.9,14.6,5.48,2400,2.12,15.8,0.736
0.3,8400,0.00623,40800,36000,-102000,17,14.5,5.29,2430,2.13,15.8,0.716
0.3,8500,0.00613,41300,36400,-104000,17,14.4,5.18,2450,2.15,15.9,0.698
0.3,8600,0.00603,41800,36900,-105000,17.1,14.4,5.14,2470,2.16,16.2,0.683
0.3,8700,0.00594,42300,37300,-107000,17.2,14.3,5.15,2490,2.17,16.7,0.67
0.3,8800,0.00585,42900,37700,-109000,17.2,14.3,5.2,2510,2.18,17.2,0.66
0.3,8900,0.00576,43400,38200,-110000,17.3,14.2,5.3,2530,2.19,17.8,0.651
0.3,9000,0.00567,43900,38600,-112000,17.3,14.1,5.43,2550,2.2,18.6,0.644
0.3,9100,0.00558,44500,39100,-114000,17.4,14.1,5.58,2560,2.21,19.3,0.638
0.3,9200,0.0055,45000,39600,-116000,17.5,14,5.77,2580,2.22,20.2,0.634
0.3,9300,0.00541,45600,40100,-117000,17.5,14,5.97,2600,2.23,21.1,0.63
0.3,9400,0.00533,46200,40600,-119000,17.6,13.9,6.19,2620,2.23,22.1,0.627
0.3,9500,0.00525,46900,41200,-121000,17.7,13.8,6.43,2630,2.24,23.1,0.624
0.3,9600,0.00517,47500,41700,-123000,17.7,13.7,6.69,2650,2.24,24.1,0.622
0.3,9700,0.00509,48200,42300,-124000,17.8,13.7,6.96,2670,2.24,25.2,0.62
0.3,9800,0.00501,48900,42900,-126000,17.9,13.6,7.24,2690,2.24,26.3,0.618
0.3,9900,0.00493,49700,43600,-128000,17.9,13.5,7.53,2710,2.24,27.4,0.617
0.3,10000,0.00485,50400,44200,-130000,18,13.4,7.83,2730,2.24,28.5,0.616
0.3,10100,0.00477,51200,44900,-132000,18.1,13.4,8.14,2750,2.24,29.6,0.615
0.3,10200,0.00469,52100,45700,-133000,18.2,13.3,8.45,2770,2.23,30.8,0.614
0.3,10300,0.00462,52900,46400,-135000,18.3,13.2,8.77,2790,2.23,31.9,0.613
0.3,10400,0.00454,53800,47200,-137000,18.4,13.1,9.1,2810,2.22,33,0.613
0.3,10500,0.00446,54700,48000,-139000,18.4,13,9.43,2830,2.21,34.1,0.612
0.4,200,1.06,-9020,-9060,-9960,4.72,44,0.735,226,0.101,0.0955,0.776
0.4,300,0.706,-8940,-9000,-10500,5.04,44,0.846,270,0.15,0.166,0.764
0.4,400,0.529,-8850,-8930,-11000,5.29,44,0.939,308,0.197,0.246,0.753
0.4,500,0.423,-8750,-8850,-11500,5.51,44,1.01,341,0.24,0.326,0.748
0.4,600,0.353,-8650,-8760,-12100,5.7,44,1.08,371,0.28,0.403,0.746
0.4,700,0.302,-8540,-8670,-12600,5.87,44,1.13,399,0.317,0.478,0.746
0.4,800,0.265,-8420,-8570,-13200,6.02,44,1.17,425,0.351,0.548,0.748
0.4,900,0.235,-8300,-8470,-13900,6.16,44,1.2,449,0.383,0.616,0.749
0.4,1000,0.212,-8180,-8370,-14500,6.29,44,1.23,472,0.413,0.68,0.75
0.4,1100,0.192,-8060,-8270,-15100,6.41,44,1.26,494,0.442,0.741,0.752
0.4,1200,0.176,-7930,-8160,-15800,6.52,44,1.28,516,0.47,0.801,0.752
0.4,1300,0.163,-7800,-8050,-16400,6.63,44,1.3,536,0.497,0.86,0.752
0.4,1400,0.151,-7670,-7930,-17100,6.72,44,1.33,556,0.523,0.923,0.751
0.4,1500,0.141,-7540,-7820,-17800,6.81,44,1.36,574,0.548,0.996,0.747
0.4,1600,0.132,-7400,-7700,-18400,6.9,44,1.41,592,0.573,1.09,0.741
0.4,1700,0.124,-7250,-7580,-19100,6.99,43.9,1.49,609,0.597,1.22,0.73
0.4,1800,0.117,-7100,-7440,-19800,7.08,43.9,1.62,624,0.621,1.4,0.715
0.4,1900,0.111,-6930,-7290,-20600,7.17,43.8,1.81,640,0.645,1.67,0.696
0.4,2000,0.105,-6730,-7120,-21300,7.27,43.6,2.09,655,0.669,2.06,0.677
0.4,2100,0.0991,-6510,-6910,-22000,7.38,43.3,2.47,671,0.693,2.59,0.66
0.4,2200,0.0936,-6240,-6660,-22800,7.51,42.8,2.96,688,0.718,3.29,0.647
0.4,2300,0.0883,-5910,-6360,-23500,7.65,42.2,3.58,707,0.744,4.17,0.64
0.4,2400,0.083,-5520,-6000,-24300,7.82,41.4,4.32,728,0.771,5.22,0.638
0.4,2500,0.0777,-5040,-5560,-25100,8.01,40.4,5.14,752,0.8,6.41,0.641
0.4,2600,0.0724,-4490,-5040,-25900,8.23,39.1,6.02,778,0.829,7.7,0.648
0.4,2700,0.0673,-3840,-4440,-26700,8.48,37.8,6.89,808,0.86,9.01,0.657
0.4,2800,0.0623,-3110,-3750,-27600,8.74,36.3,7.7,841,0.89,10.3,0.667
0.4,2900,0.0576,-2310,-3000,-28500,9.02,34.7,8.39,876,0.919,11.4,0.676
0.4,3000,0.0531,-1440,-2190,-29400,9.32,33.1,8.95,913,0.948,12.4,0.683
0.4,3100,0.049,-522,-1340,-30300,9.62,31.6,9.35,952,0.976,13.3,0.688
0.4,3200,0.0453,427,-456,-31300,9.92,30.1,9.6,993,1,13.9,0.693
0.4,3300,0.0419,1390,439,-32300,10.2,28.8,9.68,1030,1.03,14.3,0.701
0.4,3400,0.0389,2360,1330,-33400,10.5,27.5,9.57,1080,1.06,14.2,0.712
0.4,3500,0.0363,3300,2200,-34400,10.8,26.4,9.2,1120,1.09,13.8,0.727
0.4,3600,0.034,4190,3010,-35500,11,25.4,8.56,1160,1.11,12.8,0.744
0.4,3700,0.032,5000,3750,-36600,11.3,24.6,7.66,1200,1.14,11.5,0.762
0.4,3800,0.0303,5720,4400,-37800,11.4,23.9,6.62,1240,1.17,9.92,0.779
0.4,3900,0.0289,6320,4940,-38900,11.6,23.4,5.55,1270,1.19,8.38,0.791
0.4,4000,0.0277,6830,5390,-40100,11.7,23,4.58,1310,1.22,7,0.797
0.4,4100,0.0267,7240,5750,-41300,11.8,22.8,3.76,1340,1.24,5.86,0.797
0.4,4200,0.0258,7590,6040,-42400,11.9,22.6,3.12,1380,1.27,4.99,0.792
0.4,4300,0.0251,7870,6280,-43600,12,22.4,2.64,1410,1.29,4.34,0.784
0.4,4400,0.0244,8120,6480,-44800,12,22.3,2.28,1440,1.31,3.88,0.773
0.4,4500,0.0238,8330,6650,-46000,12.1,22.2,2.03,1480,1.34,3.56,0.763
0.4,4600,0.0232,8530,6800,-47300,12.1,22.2,1.85,1500,1.36,3.35,0.753
0.4,4700,0.0227,8710,6940,-48500,12.2,22.1,1.73,1530,1.38,3.21,0.745
0.4,4800,0.0221,8870,7070,-49700,12.2,22.1,1.65,1550,1.41,3.14,0.737
0.4,4900,0.0217,9040,7190,-50900,12.2,22.1,1.6,1570,1.43,3.13,0.731
0.4,5000,0.0212,9200,7310,-52100,12.3,22.1,1.58,1590,1.45,3.16,0.726
0.4,5100,0.0208,9350,7430,-53400,12.3,22,1.59,1600,1.47,3.26,0.72
0.4,5200,0.0204,9510,7550,-54600,12.3,22,1.64,1610,1.5,3.42,0.716
0.4,5300,0.02,9680,7680,-55800,12.4,22,1.72,1620,1.52,3.67,0.711
0.4,5400,0.0196,9860,7820,-57100,12.4,22,1.86,1620,1.54,4.06,0.705
0.4,5500,0.0192,10100,7970,-58300,12.4,22,2.07,1620,1.56,4.64,0.698
0.4,5600,0.0188,10300,8150,-59600,12.5,21.9,2.38,1620,1.58,5.45,0.692
0.4,5700,0.0185,10500,8370,-60800,12.5,21.9,2.82,1620,1.6,6.59,0.686
0.4,5800,0.0181,10800,8630,-62100,12.6,21.8,3.41,1620,1.63,8.14,0.682
0.4,5900,0.0177,11200,8960,-63300,12.6,21.7,4.2,1630,1.65,10.2,0.68
0.4,6000,0.0173,11700,9380,-64600,12.7,21.5,5.22,1640,1.67,12.8,0.681
0.4,6100,0.0169,12300,9900,-65900,12.8,21.4,6.48,1650,1.69,16,0.686
0.4,6200,0.0164,13000,10600,-67100,12.9,21.1,7.98,1660,1.71,19.7,0.694
0.4,6300,0.0159,13900,11400,-68400,13.1,20.8,9.68,1690,1.74,23.8,0.705
0.4,6400,0.0154,14900,12300,-69800,13.2,20.5,11.5,1710,1.76,28.1,0.72
0.4,6500,0.0149,16200,13500,-71100,13.4,20.1,13.4,1740,1.78,32.2,0.738
0.4,6600,0.0143,17600,14800,-72400,13.6,19.6,15.1,1770,1.8,35.9,0.759
0.4,6700,0.0137,19200,16300,-73800,13.9,19.1,16.6,1810,1.83,38.7,0.782
0.4,6800,0.0132,20900,17900,-75200,14.1,18.6,17.7,1850,1.85,40.6,0.806
0.4,6900,0.0127,22700,19600,-76700,14.4,18.1,18.3,1890,1.87,41.3,0.83
0.4,7000,0.0121,24600,21300,-78100,14.7,17.7,18.4,1930,1.89,40.9,0.852
0.4,7100,0.0117,26400,23000,-79600,14.9,17.2,18,1970,1.91,39.4,0.872
0.4,7200,0.0112,28100,24600,-81100,15.2,16.8,17.2,2010,1.93,37.3,0.889
0.4,7300,0.0108,29800,26100,-82600,15.4,16.4,16,2050,1.95,34.6,0.901
0.4,7400,0.0105,31300,27500,-84200,15.6,16.1,14.6,2090,1.97,31.7,0.908
0.4,7500,0.0102,32700,28800,-85700,15.8,15.8,13.2,2130,1.99,28.8,0.91
0.4,7600,0.00987,34000,29900,-87300,16,15.6,11.8,2160,2.01,26.1,0.905
0.4,7700,0.00961,35100,30900,-88900,16.1,15.4,10.5,2200,2.03,23.7,0.895
0.4,7800,0.00939,36100,31800,-90500,16.2,15.2,9.3,2230,2.04,21.6,0.88
0.4,7900,0.00918,37000,32600,-92200,16.3,15.1,8.29,2270,2.06,19.8,0.861
0.4,8000,0.00899,37700,33300,-93800,16.4,14.9,7.45,2300,2.08,18.5,0.839
0.4,8100,0.00882,38400,33900,-95500,16.5,14.8,6.77,2330,2.1,17.4,0.814
0.4,8200,0.00865,39100,34500,-97100,16.6,14.8,6.23,2360,2.11,16.7,0.79
0.4,8300,0.0085,39700,35000,-98800,16.7,14.7,5.82,2390,2.13,16.2,0.765
0.4,8400,0.00836,40300,35500,-100000,16.8,14.6,5.51,2420,2.14,15.9,0.743
0.4,8500,0.00822,40800,35900,-102000,16.8,14.5,5.29,2440,2.16,15.8,0.722
0.4,8600,0.00809,41300,36400,-104000,16.9,14.5,5.16,2460,2.17,15.9,0.704
0.4,8700,0.00797,41800,36800,-106000,16.9,14.4,5.09,2490,2.18,16.1,0.688
0.4,8800,0.00784,42300,37200,-107000,17,14.3,5.07,2510,2.2,16.5,0.675
0.4,8900,0.00772,42900,37700,-109000,17.1,14.3,5.1,2530,2.21,17,0.664
0.4,9000,0.00761,43400,38100,-111000,17.1,14.2,5.17,2540,2.22,17.5,0.654
0.4,9100,0.00749,43900,38500,-112000,17.2,14.2,5.27,2560,2.23,18.2,0.647
0.4,9200,0.00738,44400,39000,-114000,17.2,14.1,5.41,2580,2.24,18.9,0.64
0.4,9300,0.00727,45000,39500,-116000,17.3,14.1,5.56,2600,2.25,19.7,0.635
0.4,9400,0.00716,45500,40000,-118000,17.3,14,5.74,2610,2.25,20.5,0.631
0.4,9500,0.00706,46100,40400,-119000,17.4,13.9,5.94,2630,2.26,21.4,0.627
0.4,9600,0.00695,46700,41000,-121000,17.5,13.9,6.16,2650,2.27,22.4,0.624
0.4,9700,0.00684,47400,41500,-123000,17.5,13.8,6.39,2670,2.27,23.3,0.622
0.4,9800,0.00674,48000,42100,-125000,17.6,13.7,6.63,2680,2.27,24.3,0.62
0.4,9900,0.00664,48700,42700,-126000,17.7,13.7,6.89,2700,2.28,25.4,0.618
0.4,10000,0.00653,49400,43300,-128000,17.7,13.6,7.16,2720,2.28,26.4,0.617
0.4,10100,0.00643,50100,43900,-130000,17.8,13.5,7.43,2740,2.28,27.5,0.615
0.4,10200,0.00633,50900,44500,-132000,17.9,13.4,7.72,2760,2.28,28.6,0.614
0.4,10300,0.00623,51700,45200,-133000,18,13.3,8.01,2780,2.27,29.7,0.613
0.4,10400,0.00613,52500,45900,-135000,18,13.3,8.31,2800,2.27,30.8,0.612
0.4,10500,0.00603,53300,46700,-137000,18.1,13.2,8.62,2820,2.26,31.9,0.612
0.5,200,1.32,-9020,-9060,-9950,4.67,44,0.735,226,0.101,0.0955,0.776
0.5,300,0.882,-8940,-9000,-10400,4.99,44,0.846,270,0.15,0.166,0.764
0.5,400,0.662,-8850,-8930,-11000,5.25,44,0.939,308,0.197,0.246,0.753
0.5,500,0.529,-8750,-8850,-11500,5.47,44,1.01,341,0.24,0.326,0.748
0.5,600,0.441,-8650,-8760,-12000,5.66,44,1.08,371,0.28,0.403,0.746
0.5,700,0.378,-8540,-8670,-12600,5.83,44,1.13,399,0.317,0.478,0.746
0.5,800,0.331,-8420,-8570,-13200,5.98,44,1.17,425,0.351,0.548,0.748
0.5,900,0.294,-8300,-8470,-13800,6.12,44,1.2,449,0.383,0.616,0.749
0.5,1000,0.265,-8180,-8370,-14400,6.25,44,1.23,472,0.413,0.68,0.75
0.5,1100,0.241,-8060,-8270,-15100,6.37,44,1.26,494,0.442,0.741,0.752
0.5,1200,0.221,-7930,-8160,-15700,6.48,44,1.28,516,0.47,0.801,0.752
0.5,1300,0.204,-7800,-8050,-16400,6.58,44,1.3,536,0.497,0.86,0.752
0.5,1400,0.189,-7670,-7930,-17000,6.68,44,1.32,556,0.523,0.922,0.751
0.5,1500,0.176,-7540,-7820,-17700,6.77,44,1.36,574,0.548,0.994,0.748
0.5,1600,0.165,-7400,-7700,-18400,6.86,44,1.4,592,0.573,1.08,0.742
0.5,1700,0.155,-7250,-7580,-19100,6.95,44,1.48,609,0.597,1.21,0.731
0.5,1800,0.147,-7100,-7440,-19800,7.04,43.9,1.6,625,0.621,1.38,0.717
0.5,1900,0.139,-6930,-7290,-20500,7.13,43.8,1.78,640,0.645,1.64,0.699
0.5,2000,0.131,-6740,-7130,-21200,7.22,43.6,2.04,655,0.668,2,0.68
0.5,2100,0.124,-6520,-6930,-21900,7.33,43.3,2.39,671,0.693,2.5,0.663
0.5,2200,0.117,-6260,-6690,-22700,7.45,42.9,2.85,688,0.717,3.15,0.65
0.5,2300,0.111,-5950,-6400,-23400,7.59,42.3,3.43,706,0.743,3.98,0.642
0.5,2400,0.104,-5570,-6050,-24200,7.75,41.6,4.12,727,0.77,4.97,0.639
0.5,2500,0.0976,-5120,-5630,-25000,7.94,40.6,4.9,750,0.798,6.11,0.641
0.5,2600,0.0912,-4590,-5140,-25800,8.14,39.4,5.73,776,0.828,7.34,0.647
0.5,2700,0.0849,-3970,-4560,-26600,8.38,38.1,6.57,804,0.857,8.6,0.655
0.5,2800,0.0788,-3280,-3910,-27400,8.63,36.7,7.37,836,0.887,9.83,0.665
0.5,2900,0.0729,-2510,-3190,-28300,8.9,35.2,8.06,870,0.917,11,0.674
0.5,3000,0.0674,-1670,-2410,-29200,9.18,33.6,8.62,907,0.946,12,0.681
0.5,3100,0.0623,-785,-1590,-30200,9.47,32.1,9.05,945,0.974,12.8,0.687
0.5,3200,0.0576,135,-733,-31100,9.77,30.7,9.33,984,1,13.5,0.692
0.5,3300,0.0534,1080,139,-32100,10.1,29.3,9.47,1030,1.03,14,0.698
0.5,3400,0.0495,2020,1010,-33100,10.3,28,9.43,1070,1.06,14.1,0.707
0.5,3500,0.0462,2960,1870,-34200,10.6,26.9,9.19,1110,1.08,13.8,0.72
0.5,3600,0.0432,3850,2690,-35300,10.9,25.8,8.69,1150,1.11,13.1,0.736
0.5,3700,0.0406,4680,3450,-36300,11.1,25,7.94,1190,1.14,12,0.754
0.5,3800,0.0384,5430,4130,-37500,11.3,24.3,7,1230,1.17,10.6,0.771
0.5,3900,0.0365,6080,4710,-38600,11.5,23.7,5.99,1260,1.19,9.09,0.784
0.5,4000,0.035,6630,5200,-39800,11.6,23.3,5,1300,1.22,7.67,0.793
0.5,4100,0.0336,7090,5600,-40900,11.7,22.9,4.14,1340,1.24,6.45,0.797
0.5,4200,0.0325,7460,5920,-42100,11.8,22.7,3.44,1370,1.27,5.47,0.795
0.5,4300,0.0315,7780,6190,-43300,11.9,22.5,2.89,1400,1.29,4.72,0.788
0.5,4400,0.0306,8050,6410,-44500,11.9,22.4,2.48,1440,1.31,4.18,0.779
0.5,4500,0.0298,8280,6600,-45700,12,22.3,2.18,1470,1.34,3.78,0.769
0.5,4600,0.029,8490,6760,-46900,12,22.2,1.96,1500,1.36,3.51,0.759
0.5,4700,0.0284,8670,6910,-48100,12.1,22.2,1.81,1520,1.38,3.34,0.75
0.5,4800,0.0277,8850,7040,-49300,12.1,22.1,1.71,1550,1.41,3.23,0.742
0.5,4900,0.0271,9020,7170,-50500,12.1,22.1,1.64,1570,1.43,3.18,0.736
0.5,5000,0.0265,9180,7290,-51700,12.2,22.1,1.6,1590,1.45,3.19,0.73
0.5,5100,0.026,9340,7410,-52900,12.2,22.1,1.6,1600,1.47,3.25,0.723
0.5,5200,0.0255,9500,7540,-54200,12.2,22,1.62,1620,1.5,3.37,0.719
0.5,5300,0.025,9660,7660,-55400,12.3,22,1.68,1620,1.52,3.57,0.714
0.5,5400,0.0245,9840,7790,-56600,12.3,22,1.79,1630,1.54,3.88,0.709
0.5,5500,0.024,10000,7940,-57800,12.3,22,1.95,1630,1.56,4.34,0.703
0.5,5600,0.0236,10200,8110,-59100,12.4,21.9,2.2,1630,1.58,5,0.696
0.5,5700,0.0231,10500,8300,-60300,12.4,21.9,2.55,1630,1.6,5.93,0.69
0.5,5800,0.0226,10700,8530,-61600,12.5,21.8,3.03,1630,1.63,7.21,0.684
0.5,5900,0.0222,11100,8820,-62800,12.5,21.8,3.68,1630,1.65,8.92,0.681
0.5,6000,0.0217,11500,9180,-64100,12.6,21.6,4.53,1640,1.67,11.1,0.68
0.5,6100,0.0212,12000,9630,-65300,12.7,21.5,5.6,1650,1.69,13.9,0.683
0.5,6200,0.0206,12600,10200,-66600,12.8,21.3,6.9,1660,1.71,17.2,0.688
0.5,6300,0.0201,13400,10900,-67900,12.9,21,8.41,1680,1.74,21,0.697
0.5,6400,0.0195,14300,11700,-69200,13,20.7,10.1,1700,1.76,25,0.71
0.5,6500,0.0188,15400,12700,-70500,13.2,20.4,11.9,1730,1.78,29.2,0.725
0.5,6600,0.0182,16700,13900,-71800,13.4,20,13.6,1760,1.8,33,0.744
0.5,6700,0.0175,18100,15300,-73200,13.6,19.5,15.2,1790,1.83,36.4,0.765
0.5,6800,0.0168,19700,16700,-74600,13.9,19,16.6,1830,1.85,38.9,0.787
0.5,6900,0.0162,21400,18300,-76000,14.1,18.5,17.5,1870,1.87,40.4,0.811
0.5,7000,0.0155,23200,20000,-77400,14.4,18,18,1910,1.89,40.9,0.834
0.5,7100,0.0149,25000,21700,-78800,14.6,17.6,18,1950,1.91,40.3,0.855
0.5,7200,0.0143,26800,23300,-80300,14.9,17.1,17.5,1990,1.93,38.8,0.874
0.5,7300,0.0138,28500,24900,-81800,15.1,16.7,16.7,2030,1.95,36.6,0.89
0.5,7400,0.0133,30100,26400,-83300,15.3,16.4,15.5,2070,1.97,34,0.901
0.5,7500,0.0129,31600,27700,-84900,15.5,16.1,14.2,2110,1.99,31.2,0.907
0.5,7600,0.0125,33000,29000,-86400,15.7,15.8,12.8,2140,2.01,28.4,0.908
0.5,7700,0.0122,34200,30100,-88000,15.9,15.6,11.5,2180,2.03,25.8,0.903
0.5,7800,0.0119,35300,31000,-89600,16,15.4,10.3,2220,2.05,23.5,0.893
0.5,7900,0.0116,36200,31900,-91200,16.1,15.2,9.14,2250,2.07,21.5,0.878
0.5,8000,0.0113,37100,32700,-92800,16.2,15.1,8.18,2280,2.08,19.8,0.859
0.5,8100,0.0111,37900,33400,-94500,16.3,15,7.37,2310,2.1,18.5,0.837
0.5,8200,0.0109,38600,34000,-96100,16.4,14.8,6.72,2350,2.12,17.5,0.814
0.5,8300,0.0107,39200,34500,-97700,16.5,14.8,6.19,2380,2.13,16.7,0.789
0.5,8400,0.0105,39800,35100,-99400,16.6,14.7,5.79,2400,2.15,16.2,0.766
0.5,8500,0.0103,40400,35500,-101000,16.6,14.6,5.48,2430,2.16,16,0.743
0.5,8600,0.0102,40900,36000,-103000,16.7,14.5,5.26,2460,2.18,15.9,0.723
0.5,8700,0.01,41400,36400,-104000,16.8,14.5,5.12,2480,2.19,15.9,0.705
0.5,8800,0.00985,41900,36900,-106000,16.8,14.4,5.04,2500,2.21,16.1,0.689
0.5,8900,0.0097,42400,37300,-108000,16.9,14.4,5.02,2520,2.22,16.5,0.676
0.5,9000,0.00956,42900,37700,-109000,16.9,14.3,5.04,2540,2.23,16.9,0.665
0.5,9100,0.00941,43500,38100,-111000,17,14.2,5.1,2560,2.24,17.4,0.655
0.5,9200,0.00928,44000,38600,-113000,17,14.2,5.19,2580,2.25,18.1,0.647
0.5,9300,0.00914,44500,39000,-115000,17.1,14.1,5.31,2590,2.26,18.7,0.641
0.5,9400,0.009,45000,39500,-116000,17.2,14.1,5.45,2610,2.27,19.5,0.635
0.5,9500,0.00887,45600,39900,-118000,17.2,14,5.62,2630,2.28,20.3,0.631
0.5,9600,0.00874,46200,40400,-120000,17.3,14,5.8,2650,2.29,21.1,0.627
0.5,9700,0.00861,46700,40900,-121000,17.3,13.9,6,2660,2.29,22,0.624
0.5,9800,0.00848,47400,41500,-123000,17.4,13.8,6.22,2680,2.3,23,0.622
0.5,9900,0.00836,48000,42000,-125000,17.5,13.8,6.45,2700,2.3,23.9,0.619
0.5,10000,0.00823,48600,42600,-127000,17.5,13.7,6.69,2720,2.3,24.9,0.618
0.5,10100,0.00811,49300,43200,-128000,17.6,13.6,6.94,2730,2.3,26,0.616
0.5,10200,0.00798,50000,43800,-130000,17.7,13.5,7.2,2750,2.31,27,0.615
0.5,10300,0.00786,50800,44400,-132000,17.7,13.5,7.47,2770,2.3,28.1,0.613
0.5,10400,0.00774,51500,45100,-134000,17.8,13.4,7.75,2790,2.3,29.1,0.612
0.5,10500,0.00762,52300,45800,-136000,17.9,13.3,8.03,2810,2.3,30.2,0.612
0.6,200,1.59,-9020,-9060,-9950,4.64,44,0.735,226,0.101,0.0955,0.776
0.6,300,1.06,-8940,-9000,-10400,4.96,44,0.846,270,0.15,0.166,0.764
0.6,400,0.794,-8850,-8930,-10900,5.22,44,0.939,308,0.197,0.246,0.753
0.6,500,0.635,-8750,-8850,-11500,5.43,44,1.01,341,0.24,0.326,0.748
0.6,600,0.529,-8650,-8760,-12000,5.62,44,1.08,371,0.28,0.403,0.746
0.6,700,0.454,-8540,-8670,-12600,5.79,44,1.13,399,0.317,0.478,0.746
0.6,800,0.397,-8420,-8570,-13200,5.95,44,1.17,425,0.351,0.548,0.748
0.6,900,0.353,-8300,-8470,-13800,6.09,44,1.2,449,0.383,0.616,0.749
0.6,1000,0.318,-8180,-8370,-14400,6.22,44,1.23,472,0.413,0.68,0.75
0.6,1100,0.289,-8060,-8270,-15000,6.33,44,1.26,494,0.442,0.741,0.752
0.6,1200,0.265,-7930,-8160,-15700,6.45,44,1.28,516,0.47,0.801,0.752
0.6,1300,0.244,-7800,-8050,-16300,6.55,44,1.3,536,0.497,0.86,0.752
0.6,1400,0.227,-7670,-7930,-17000,6.65,44,1.32,556,0.523,0.922,0.751
0.6,1500,0.212,-7540,-7820,-17600,6.74,44,1.35,574,0.548,0.992,0.748
0.6,1600,0.198,-7400,-7700,-18300,6.83,44,1.4,592,0.573,1.08,0.742
0.6,1700,0.187,-7260,-7580,-19000,6.91,44,1.47,609,0.597,1.2,0.732
0.6,1800,0.176,-7100,-7440,-19700,7,43.9,1.58,625,0.621,1.37,0.718
0.6,1900,0.166,-6940,-7300,-20400,7.09,43.8,1.75,640,0.645,1.61,0.701
0.6,2000,0.157,-6750,-7130,-21100,7.19,43.6,2,655,0.668,1.95,0.683
0.6,2100,0.149,-6540,-6940,-21800,7.29,43.4,2.33,671,0.692,2.43,0.665
0.6,2200,0.141,-6280,-6710,-22600,7.41,43,2.77,688,0.717,3.05,0.652
0.6,2300,0.133,-5980,-6430,-23300,7.54,42.4,3.32,706,0.743,3.83,0.643
0.6,2400,0.125,-5610,-6090,-24100,7.7,41.7,3.97,726,0.769,4.78,0.639
0.6,2500,0.118,-5180,-5690,-24900,7.88,40.8,4.71,749,0.797,5.87,0.64
0.6,2600,0.11,-4670,-5220,-25700,8.08,39.7,5.51,774,0.826,7.05,0.646
0.6,2700,0.103,-4080,-4660,-26500,8.3,38.4,6.33,802,0.856,8.28,0.654
0.6,2800,0.0954,-3410,-4040,-27300,8.54,37,7.1,832,0.886,9.49,0.663
0.6,2900,0.0884,-2660,-3340,-28200,8.8,35.5,7.79,866,0.915,10.6,0.672
0.6,3000,0.0818,-1850,-2580,-29100,9.08,34,8.37,901,0.944,11.6,0.68
0.6,3100,0.0757,-992,-1780,-30000,9.36,32.5,8.8,939,0.973,12.5,0.685
0.6,3200,0.0701,-95.4,-952,-31000,9.65,31.1,9.11,978,1,13.2,0.69
0.6,3300,0.0649,825,-99.2,-31900,9.93,29.7,9.28,1020,1.03,13.7,0.696
0.6,3400,0.0603,1750,760,-32900,10.2,28.4,9.3,1060,1.06,13.9,0.703
0.6,3500,0.0562,2680,1610,-34000,10.5,27.3,9.13,1100,1.08,13.8,0.714
0.6,3600,0.0525,3570,2430,-35000,10.7,26.2,8.74,1140,1.11,13.3,0.729
0.6,3700,0.0494,4420,3200,-36100,11,25.3,8.11,1180,1.14,12.4,0.746
0.6,3800,0.0466,5190,3900,-37200,11.2,24.5,7.27,1220,1.16,11.1,0.764
0.6,3900,0.0443,5870,4510,-38400,11.3,23.9,6.32,1260,1.19,9.66,0.779
0.6,4000,0.0423,6450,5030,-39500,11.5,23.4,5.35,1290,1.22,8.24,0.79
0.6,4100,0.0406,6940,5460,-40700,11.6,23.1,4.47,1330,1.24,6.97,0.795
0.6,4200,0.0392,7350,5820,-41800,11.7,22.8,3.72,1360,1.27,5.91,0.796
0.6,4300,0.0379,7690,6110,-43000,11.8,22.6,3.12,1400,1.29,5.08,0.792
0.6,4400,0.0368,7980,6350,-44200,11.9,22.4,2.66,1430,1.31,4.45,0.784
0.6,4500,0.0358,8230,6550,-45400,11.9,22.3,2.32,1460,1.34,4,0.775
0.6,4600,0.0349,8440,6730,-46600,12,22.2,2.07,1490,1.36,3.68,0.765
0.6,4700,0.0341,8640,6880,-47800,12,22.2,1.89,1520,1.38,3.46,0.755
0.6,4800,0.0333,8820,7020,-49000,12,22.1,1.76,1540,1.41,3.32,0.747
0.6,4900,0.0326,9000,7150,-50200,12.1,22.1,1.68,1570,1.43,3.24,0.74
0.6,5000,0.0319,9160,7280,-51400,12.1,22.1,1.63,1590,1.45,3.22,0.733
0.6,5100,0.0312,9320,7400,-52600,12.1,22.1,1.61,1600,1.47,3.26,0.727
0.6,5200,0.0306,9480,7520,-53800,12.2,22,1.62,1620,1.5,3.34,0.722
0.6,5300,0.03,9650,7650,-55000,12.2,22,1.66,1630,1.52,3.5,0.718
0.6,5400,0.0294,9820,7780,-56200,12.2,22,1.74,1630,1.54,3.76,0.712
0.6,5500,0.0289,10000,7920,-57500,12.3,22,1.88,1640,1.56,4.15,0.706
0.6,5600,0.0283,10200,8070,-58700,12.3,22,2.08,1640,1.58,4.7,0.699
0.6,5700,0.0278,10400,8250,-59900,12.3,21.9,2.37,1640,1.6,5.49,0.693
0.6,5800,0.0272,10700,8470,-61200,12.4,21.9,2.78,1640,1.63,6.58,0.687
0.6,5900,0.0267,11000,8730,-62400,12.4,21.8,3.33,1640,1.65,8.04,0.683
0.6,6000,0.0261,11300,9040,-63600,12.5,21.7,4.06,1640,1.67,9.95,0.681
0.6,6100,0.0255,11800,9440,-64900,12.6,21.6,4.98,1650,1.69,12.4,0.681
0.6,6200,0.0249,12300,9940,-66200,12.7,21.4,6.13,1660,1.71,15.3,0.685
0.6,6300,0.0243,13000,10600,-67400,12.8,21.2,7.48,1680,1.74,18.8,0.692
0.6,6400,0.0236,13900,11300,-68700,12.9,20.9,9.03,1700,1.76,22.6,0.702
0.6,6500,0.0228,14800,12200,-70000,13.1,20.6,10.7,1720,1.78,26.6,0.716
0.6,6600,0.0221,16000,13300,-71300,13.2,20.2,12.4,1750,1.8,30.6,0.733
0.6,6700,0.0213,17300,14500,-72700,13.4,19.8,14.1,1780,1.83,34.2,0.752
0.6,6800,0.0205,18800,15900,-74000,13.7,19.3,15.5,1810,1.85,37.1,0.773
0.6,6900,0.0197,20400,17400,-75400,13.9,18.8,16.7,1850,1.87,39.2,0.796
0.6,7000,0.0189,22100,19000,-76800,14.1,18.4,17.5,1890,1.89,40.4,0.818
0.6,7100,0.0182,23900,20600,-78200,14.4,17.9,17.8,1930,1.91,40.4,0.84
0.6,7200,0.0175,25700,22200,-79700,14.6,17.4,17.6,1970,1.93,39.6,0.861
0.6,7300,0.0168,27400,23800,-81100,14.9,17,17,2010,1.95,37.9,0.878
0.6,7400,0.0162,29100,25400,-82600,15.1,16.6,16.1,2050,1.97,35.6,0.892
0.6,7500,0.0157,30600,26800,-84200,15.3,16.3,15,2090,1.99,33.1,0.902
0.6,7600,0.0152,32100,28100,-85700,15.5,16,13.7,2130,2.01,30.3,0.907
0.6,7700,0.0148,33400,29300,-87300,15.7,15.8,12.3,2170,2.03,27.7,0.906
0.6,7800,0.0144,34500,30400,-88800,15.8,15.5,11.1,2200,2.05,25.2,0.9
0.6,7900,0.014,35600,31300,-90400,15.9,15.4,9.89,2240,2.07,23,0.889
0.6,8000,0.0137,36500,32100,-92000,16.1,15.2,8.85,2270,2.09,21.1,0.873
0.6,8100,0.0134,37300,32900,-93600,16.2,15.1,7.95,2300,2.1,19.6,0.854
0.6,8200,0.0131,38100,33500,-95300,16.3,14.9,7.2,2330,2.12,18.3,0.832
0.6,8300,0.0129,38800,34100,-96900,16.3,14.8,6.58,2360,2.14,17.4,0.809
0.6,8400,0.0127,39400,34700,-98500,16.4,14.8,6.09,2390,2.15,16.7,0.785
0.6,8500,0.0125,40000,35200,-100000,16.5,14.7,5.7,2420,2.17,16.2,0.762
0.6,8600,0.0123,40600,35700,-102000,16.6,14.6,5.42,2450,2.18,16,0.74
0.6,8700,0.0121,41100,36100,-103000,16.6,14.5,5.21,2470,2.2,15.9,0.721
0.6,8800,0.0119,41600,36600,-105000,16.7,14.5,5.08,2500,2.21,16,0.703
0.6,8900,0.0117,42100,37000,-107000,16.7,14.4,5,2520,2.23,16.2,0.688
0.6,9000,0.0115,42600,37400,-109000,16.8,14.4,4.98,2540,2.24,16.5,0.675
0.6,9100,0.0113,43100,37800,-110000,16.8,14.3,5,2560,2.25,16.9,0.664
0.6,9200,0.0112,43600,38200,-112000,16.9,14.2,5.05,2580,2.26,17.5,0.654
0.6,9300,0.011,44100,38700,-114000,17,14.2,5.14,2590,2.27,18.1,0.647
0.6,9400,0.0109,44600,39100,-115000,17,14.1,5.25,2610,2.28,18.7,0.64
0.6,9500,0.0107,45200,39600,-117000,17.1,14.1,5.39,2630,2.29,19.4,0.635
0.6,9600,0.0105,45700,40000,-119000,17.1,14,5.54,2640,2.3,20.2,0.631
0.6,9700,0.0104,46300,40500,-120000,17.2,14,5.72,2660,2.31,21.1,0.627
0.6,9800,0.0102,46900,41000,-122000,17.2,13.9,5.91,2680,2.31,21.9,0.624
0.6,9900,0.0101,47500,41500,-124000,17.3,13.8,6.12,2700,2.32,22.8,0.621
0.6,10000,0.00994,48100,42000,-126000,17.4,13.8,6.34,2710,2.32,23.8,0.619
0.6,10100,0.00979,48700,42600,-127000,17.4,13.7,6.57,2730,2.33,24.7,0.617
0.6,10200,0.00964,49400,43200,-129000,17.5,13.6,6.81,2750,2.33,25.7,0.615
0.6,10300,0.0095,50100,43800,-131000,17.6,13.6,7.06,2770,2.33,26.8,0.614
0.6,10400,0.00935,50800,44400,-133000,17.6,13.5,7.32,2790,2.33,27.8,0.613
0.6,10500,0.00921,51600,45000,-134000,17.7,13.4,7.58,2810,2.33,28.8,0.612
0.7,200,1.85,-9020,-9060,-9940,4.61,44,0.735,226,0.101,0.0955,0.776
0.7,300,1.24,-8940,-9000,-10400,4.93,44,0.846,270,0.15,0.166,0.764
0.7,400,0.926,-8850,-8930,-10900,5.19,44,0.939,308,0.197,0.246,0.753
0.7,500,0.741,-8750,-8850,-11500,5.4,44,1.01,341,0.24,0.326,0.748
0.7,600,0.618,-8650,-8760,-12000,5.6,44,1.08,371,0.28,0.403,0.746
0.7,700,0.529,-8540,-8670,-12600,5.77,44,1.13,399,0.317,0.478,0.746
0.7,800,0.463,-8420,-8570,-13200,5.92,44,1.17,425,0.351,0.548,0.748
0.7,900,0.412,-8300,-8470,-13800,6.06,44,1.2,449,0.383,0.616,0.749
0.7,1000,0.371,-8180,-8370,-14400,6.19,44,1.23,472,0.413,0.68,0.75
0.7,1100,0.337,-8060,-8270,-15000,6.31,44,1.26,494,0.442,0.741,0.752
0.7,1200,0.309,-7930,-8160,-15600,6.42,44,1.28,516,0.47,0.8,0.752
0.7,1300,0.285,-7800,-8050,-16300,6.52,44,1.3,536,0.497,0.86,0.752
0.7,1400,0.265,-7670,-7930,-16900,6.62,44,1.32,556,0.523,0.921,0.751
0.7,1500,0.247,-7540,-7820,-17600,6.71,44,1.35,574,0.548,0.991,0.748
0.7,1600,0.231,-7400,-7700,-18300,6.8,44,1.4,592,0.573,1.08,0.743
0.7,1700,0.218,-7260,-7580,-19000,6.88,44,1.46,609,0.597,1.19,0.733
0.7,1800,0.205,-7110,-7450,-19700,6.97,43.9,1.57,625,0.621,1.36,0.72
0.7,1900,0.194,-6940,-7300,-20400,7.06,43.8,1.73,640,0.644,1.59,0.703
0.7,2000,0.184,-6760,-7140,-21100,7.15,43.6,1.97,656,0.668,1.92,0.685
0.7,2100,0.174,-6540,-6950,-21800,7.26,43.4,2.28,671,0.692,2.37,0.667
0.7,2200,0.165,-6300,-6720,-22500,7.37,43,2.7,687,0.717,2.96,0.653
0.7,2300,0.156,-6000,-6450,-23300,7.5,42.5,3.22,705,0.742,3.71,0.644
0.7,2400,0.147,-5650,-6130,-24000,7.65,41.8,3.85,725,0.768,4.62,0.64
0.7,2500,0.138,-5230,-5740,-24800,7.82,40.9,4.56,747,0.796,5.67,0.64
0.7,2600,0.129,-4730,-5280,-25600,8.02,39.9,5.33,772,0.825,6.82,0.645
0.7,2700,0.12,-4160,-4740,-26400,8.23,38.6,6.12,799,0.854,8.02,0.652
0.7,2800,0.112,-3510,-4140,-27200,8.47,37.3,6.89,830,0.884,9.2,0.662
0.7,2900,0.104,-2790,-3460,-28100,8.73,35.8,7.57,862,0.914,10.3,0.671
0.7,3000,0.0963,-2000,-2730,-29000,8.99,34.3,8.15,897,0.943,11.3,0.678
0.7,3100,0.0892,-1160,-1950,-29900,9.27,32.8,8.6,934,0.971,12.2,0.684
0.7,3200,0.0826,-285,-1130,-30800,9.55,31.4,8.91,972,0.999,12.9,0.689
0.7,3300,0.0767,617,-296,-31800,9.82,30,9.11,1010,1.03,13.5,0.694
0.7,3400,0.0712,1530,549,-32800,10.1,28.8,9.17,1050,1.05,13.8,0.701
0.7,3500,0.0664,2440,1390,-33800,10.4,27.6,9.06,1090,1.08,13.8,0.711
0.7,3600,0.062,3340,2210,-34900,10.6,26.5,8.75,1130,1.11,13.4,0.724
0.7,3700,0.0582,4190,2990,-35900,10.8,25.6,8.21,1170,1.14,12.6,0.74
0.7,3800,0.0549,4970,3700,-37000,11.1,24.8,7.47,1210,1.16,11.5,0.757
0.7,3900,0.0521,5680,4330,-38100,11.2,24.1,6.58,1250,1.19,10.1,0.773
0.7,4000,0.0497,6290,4880,-39300,11.4,23.6,5.64,1290,1.21,8.72,0.786
0.7,4100,0.0477,6810,5340,-40400,11.5,23.2,4.75,1320,1.24,7.42,0.793
0.7,4200,0.0459,7240,5720,-41600,11.6,22.9,3.97,1360,1.26,6.3,0.796
0.7,4300,0.0444,7600,6030,-42800,11.7,22.7,3.33,1390,1.29,5.41,0.794
0.7,4400,0.0431,7910,6290,-43900,11.8,22.5,2.83,1420,1.31,4.72,0.787
0.7,4500,0.0419,8170,6500,-45100,11.8,22.4,2.45,1450,1.34,4.2,0.779
0.7,4600,0.0408,8400,6690,-46300,11.9,22.3,2.17,1480,1.36,3.84,0.769
0.7,4700,0.0398,8610,6850,-47500,11.9,22.2,1.97,1510,1.38,3.58,0.76
0.7,4800,0.0389,8800,7000,-48700,12,22.2,1.82,1540,1.41,3.41,0.751
0.7,4900,0.038,8980,7140,-49900,12,22.1,1.72,1560,1.43,3.31,0.743
0.7,5000,0.0372,9150,7260,-51100,12,22.1,1.66,1580,1.45,3.26,0.736
0.7,5100,0.0364,9310,7390,-52300,12.1,22.1,1.62,1600,1.47,3.28,0.73
0.7,5200,0.0357,9470,7510,-53500,12.1,22.1,1.62,1620,1.5,3.34,0.725
0.7,5300,0.035,9630,7630,-54700,12.1,22,1.65,1630,1.52,3.47,0.72
0.7,5400,0.0343,9800,7760,-55900,12.2,22,1.71,1640,1.54,3.68,0.715
0.7,5500,0.0337,9980,7900,-57100,12.2,22,1.82,1640,1.56,4.01,0.709
0.7,5600,0.033,10200,8050,-58400,12.2,22,1.99,1640,1.58,4.49,0.703
0.7,5700,0.0324,10400,8220,-59600,12.3,21.9,2.24,1640,1.6,5.17,0.696
0.7,5800,0.0318,10600,8420,-60800,12.3,21.9,2.59,1640,1.63,6.12,0.69
0.7,5900,0.0311,10900,8650,-62100,12.4,21.8,3.07,1640,1.65,7.4,0.685
0.7,6000,0.0305,11200,8950,-63300,12.4,21.7,3.71,1650,1.67,9.08,0.681
0.7,6100,0.0299,11700,9300,-64500,12.5,21.6,4.52,1650,1.69,11.2,0.681
0.7,6200,0.0292,12200,9750,-65800,12.6,21.5,5.54,1660,1.71,13.9,0.683
0.7,6300,0.0284,12800,10300,-67100,12.7,21.3,6.77,1680,1.74,17.1,0.689
0.7,6400,0.0277,13500,11000,-68300,12.8,21,8.19,1700,1.76,20.7,0.697
0.7,6500,0.0269,14400,11800,-69600,12.9,20.7,9.77,1720,1.78,24.5,0.709
0.7,6600,0.026,15500,12800,-70900,13.1,20.4,11.4,1740,1.8,28.5,0.724
0.7,6700,0.0251,16700,13900,-72200,13.3,20,13.1,1770,1.82,32.2,0.741
0.7,6800,0.0242,18100,15200,-73600,13.5,19.6,14.6,1800,1.85,35.4,0.761
0.7,6900,0.0233,19600,16600,-74900,13.7,19.1,15.9,1840,1.87,38,0.783
0.7,7000,0.0224,21300,18100,-76300,13.9,18.6,16.9,1880,1.89,39.6,0.805
0.7,7100,0.0215,23000,19700,-77700,14.2,18.2,17.4,1920,1.91,40.2,0.828
0.7,7200,0.0207,24700,21300,-79100,14.4,17.7,17.5,1960,1.93,39.9,0.849
0.7,7300,0.0199,26500,22900,-80600,14.7,17.3,17.2,2000,1.95,38.7,0.868
0.7,7400,0.0192,28100,24500,-82100,14.9,16.9,16.5,2040,1.97,36.8,0.884
0.7,7500,0.0185,29700,26000,-83600,15.1,16.5,15.5,2080,1.99,34.5,0.896
0.7,7600,0.0179,31200,27300,-85100,15.3,16.2,14.3,2110,2.01,31.9,0.903
0.7,7700,0.0174,32600,28600,-86600,15.5,15.9,13,2150,2.03,29.3,0.906
0.7,7800,0.0169,33800,29700,-88200,15.6,15.7,11.8,2190,2.05,26.7,0.903
0.7,7900,0.0165,35000,30700,-89800,15.8,15.5,10.6,2220,2.07,24.4,0.896
0.7,8000,0.0161,36000,31600,-91400,15.9,15.3,9.46,2260,2.09,22.4,0.883
0.7,8100,0.0158,36900,32400,-93000,16,15.2,8.49,2290,2.11,20.6,0.867
0.7,8200,0.0154,37700,33100,-94600,16.1,15,7.66,2320,2.12,19.2,0.847
0.7,8300,0.0151,38400,33800,-96200,16.2,14.9,6.96,2350,2.14,18.1,0.825
0.7,8400,0.0149,39100,34400,-97800,16.3,14.8,6.4,2380,2.16,17.2,0.802
0.7,8500,0.0146,39700,34900,-99400,16.4,14.7,5.94,2410,2.17,16.6,0.779
0.7,8600,0.0143,40300,35400,-101000,16.4,14.7,5.59,2440,2.19,16.2,0.756
0.7,8700,0.0141,40800,35800,-103000,16.5,14.6,5.33,2470,2.2,16,0.735
0.7,8800,0.0139,41300,36300,-104000,16.6,14.5,5.15,2490,2.22,15.9,0.716
0.7,8900,0.0137,41800,36700,-106000,16.6,14.5,5.03,2510,2.23,16,0.699
0.7,9000,0.0135,42300,37100,-108000,16.7,14.4,4.96,2530,2.25,16.3,0.685
0.7,9100,0.0133,42800,37600,-109000,16.7,14.4,4.94,2550,2.26,16.6,0.672
0.7,9200,0.0131,43300,38000,-111000,16.8,14.3,4.97,2570,2.27,17,0.662
0.7,9300,0.0129,43800,38400,-113000,16.8,14.2,5.02,2590,2.28,17.6,0.653
0.7,9400,0.0127,44300,38800,-114000,16.9,14.2,5.11,2610,2.29,18.1,0.645
0.7,9500,0.0125,44800,39300,-116000,16.9,14.1,5.22,2630,2.3,18.8,0.639
0.7,9600,0.0123,45400,39700,-118000,17,14.1,5.35,2640,2.31,19.5,0.634
0.7,9700,0.0122,45900,40200,-120000,17.1,14,5.51,2660,2.32,20.3,0.629
0.7,9800,0.012,46500,40600,-121000,17.1,14,5.68,2680,2.33,21.1,0.626
0.7,9900,0.0118,47100,41100,-123000,17.2,13.9,5.86,2690,2.33,22,0.623
0.7,10000,0.0116,47600,41600,-125000,17.2,13.8,6.06,2710,2.34,22.9,0.62
0.7,10100,0.0115,48300,42200,-126000,17.3,13.8,6.28,2730,2.34,23.8,0.618
0.7,10200,0.0113,48900,42700,-128000,17.4,13.7,6.5,2750,2.35,24.7,0.616
0.7,10300,0.0111,49600,43300,-130000,17.4,13.6,6.73,2760,2.35,25.7,0.615
0.7,10400,0.011,50200,43900,-132000,17.5,13.6,6.97,2780,2.35,26.7,0.613
0.7,10500,0.0108,51000,44500,-133000,17.6,13.5,7.22,2800,2.35,27.7,0.612
0.8,200,2.12,-9020,-9060,-9940,4.59,44,0.735,226,0.101,0.0955,0.776
0.8,300,1.41,-8940,-9000,-10400,4.91,44,0.846,270,0.15,0.166,0.764
0.8,400,1.06,-8850,-8930,-10900,5.16,44,0.939,308,0.197,0.246,0.753
0.8,500,0.847,-8750,-8850,-11400,5.38,44,1.01,341,0.24,0.326,0.748
0.8,600,0.706,-8650,-8760,-12000,5.57,44,1.08,371,0.28,0.403,0.746
0.8,700,0.605,-8540,-8670,-12600,5.74,44,1.13,399,0.317,0.478,0.746
0.8,800,0.529,-8420,-8570,-13100,5.89,44,1.17,425,0.351,0.548,0.748
0.8,900,0.471,-8300,-8470,-13700,6.03,44,1.2,449,0.383,0.616,0.749
0.8,1000,0.423,-8180,-8370,-14300,6.16,44,1.23,472,0.413,0.68,0.75
0.8,1100,0.385,-8060,-8270,-15000,6.28,44,1.26,494,0.442,0.741,0.752
0.8,1200,0.353,-7930,-8160,-15600,6.39,44,1.28,516,0.47,0.8,0.752
0.8,1300,0.326,-7800,-8050,-16200,6.49,44,1.3,536,0.497,0.859,0.752
0.8,1400,0.302,-7670,-7940,-16900,6.59,44,1.32,556,0.523,0.921,0.751
0.8,1500,0.282,-7540,-7820,-17600,6.68,44,1.35,574,0.548,0.989,0.749
0.8,1600,0.265,-7400,-7700,-18200,6.77,44,1.39,592,0.573,1.07,0.743
0.8,1700,0.249,-7260,-7580,-18900,6.86,44,1.46,609,0.597,1.19,0.734
0.8,1800,0.235,-7110,-7450,-19600,6.94,43.9,1.56,625,0.621,1.35,0.721
0.8,1900,0.222,-6940,-7300,-20300,7.03,43.8,1.72,641,0.644,1.57,0.704
0.8,2000,0.21,-6760,-7140,-21000,7.13,43.7,1.94,656,0.668,1.89,0.686
0.8,2100,0.199,-6550,-6950,-21700,7.23,43.4,2.24,671,0.692,2.32,0.669
0.8,2200,0.188,-6310,-6730,-22500,7.34,43.1,2.64,687,0.716,2.89,0.655
0.8,2300,0.178,-6020,-6470,-23200,7.47,42.6,3.15,705,0.742,3.62,0.645
0.8,2400,0.168,-5680,-6150,-24000,7.62,41.9,3.75,725,0.768,4.49,0.64
0.8,2500,0.158,-5270,-5770,-24700,7.78,41,4.43,747,0.795,5.51,0.64
0.8,2600,0.148,-4790,-5330,-25500,7.97,40,5.18,771,0.824,6.63,0.644
0.8,2700,0.138,-4230,-4810,-26300,8.18,38.8,5.95,798,0.853,7.8,0.651
0.8,2800,0.129,-3600,-4220,-27100,8.41,37.5,6.7,827,0.883,8.96,0.66
0.8,2900,0.12,-2890,-3560,-28000,8.66,36.1,7.38,859,0.912,10.1,0.669
0.8,3000,0.111,-2120,-2850,-28900,8.92,34.6,7.96,893,0.941,11.1,0.677
0.8,3100,0.103,-1300,-2080,-29800,9.19,33.1,8.42,930,0.97,11.9,0.684
0.8,3200,0.0954,-445,-1280,-30700,9.46,31.7,8.75,967,0.998,12.7,0.688
0.8,3300,0.0885,441,-463,-31700,9.73,30.3,8.96,1010,1.03,13.3,0.693
0.8,3400,0.0823,1340,370,-32700,10,29.1,9.04,1050,1.05,13.6,0.699
0.8,3500,0.0766,2250,1200,-33700,10.3,27.9,8.98,1090,1.08,13.7,0.708
0.8,3600,0.0716,3130,2020,-34700,10.5,26.8,8.74,1130,1.11,13.4,0.72
0.8,3700,0.0672,3990,2800,-35800,10.7,25.8,8.28,1170,1.13,12.8,0.735
0.8,3800,0.0634,4780,3520,-36900,11,25,7.61,1210,1.16,11.7,0.752
0.8,3900,0.06,5500,4170,-38000,11.1,24.3,6.78,1240,1.19,10.5,0.768
0.8,4000,0.0572,6140,4740,-39100,11.3,23.8,5.88,1280,1.21,9.13,0.782
0.8,4100,0.0548,6680,5220,-40200,11.4,23.3,4.99,1320,1.24,7.82,0.791
0.8,4200,0.0527,7140,5620,-41400,11.6,23,4.19,1350,1.26,6.66,0.795
0.8,4300,0.0509,7520,5950,-42500,11.6,22.8,3.52,1380,1.29,5.71,0.795
0.8,4400,0.0493,7850,6220,-43700,11.7,22.6,2.99,1420,1.31,4.97,0.79
0.8,4500,0.048,8120,6460,-44900,11.8,22.4,2.58,1450,1.34,4.4,0.782
0.8,4600,0.0467,8370,6650,-46100,11.8,22.3,2.27,1480,1.36,3.99,0.773
0.8,4700,0.0455,8580,6820,-47200,11.9,22.2,2.04,1510,1.38,3.7,0.764
0.8,4800,0.0445,8780,6980,-48400,11.9,22.2,1.88,1530,1.41,3.5,0.755
0.8,4900,0.0435,8960,7120,-49600,12,22.1,1.76,1560,1.43,3.37,0.747
0.8,5000,0.0426,9130,7250,-50800,12,22.1,1.69,1580,1.45,3.31,0.739
0.8,5100,0.0417,9300,7380,-52000,12,22.1,1.64,1600,1.47,3.3,0.732
0.8,5200,0.0408,9460,7500,-53200,12.1,22.1,1.63,1620,1.49,3.34,0.728
0.8,5300,0.04,9620,7620,-54400,12.1,22,1.64,1630,1.52,3.45,0.723
0.8,5400,0.0393,9790,7750,-55700,12.1,22,1.69,1640,1.54,3.63,0.718
0.8,5500,0.0385,9960,7880,-56900,12.2,22,1.79,1650,1.56,3.91,0.712
0.8,5600,0.0378,10100,8030,-58100,12.2,22,1.93,1650,1.58,4.34,0.705
0.8,5700,0.0371,10400,8190,-59300,12.2,22,2.15,1650,1.6,4.94,0.699
0.8,5800,0.0363,10600,8380,-60500,12.3,21.9,2.46,1650,1.63,5.77,0.692
0.8,5900,0.0356,10800,8600,-61800,12.3,21.9,2.88,1650,1.65,6.91,0.686
0.8,6000,0.0349,11200,8870,-63000,12.4,21.8,3.44,1650,1.67,8.42,0.683
0.8,6100,0.0342,11500,9200,-64200,12.4,21.7,4.17,1660,1.69,10.4,0.681
0.8,6200,0.0334,12000,9610,-65500,12.5,21.5,5.09,1670,1.71,12.8,0.682
0.8,6300,0.0326,12600,10100,-66700,12.6,21.4,6.21,1680,1.74,15.7,0.686
0.8,6400,0.0318,13200,10700,-68000,12.7,21.1,7.53,1690,1.76,19.1,0.693
0.8,6500,0.0309,14100,11500,-69300,12.8,20.9,9.01,1710,1.78,22.8,0.704
0.8,6600,0.03,15100,12400,-70600,13,20.6,10.6,1740,1.8,26.6,0.717
0.8,6700,0.029,16200,13400,-71900,13.1,20.2,12.2,1760,1.82,30.4,0.733
0.8,6800,0.028,17500,14600,-73200,13.3,19.8,13.8,1800,1.85,33.8,0.752
0.8,6900,0.0269,18900,16000,-74500,13.5,19.3,15.2,1830,1.87,36.7,0.773
0.8,7000,0.0259,20500,17400,-75900,13.8,18.9,16.3,1870,1.89,38.7,0.794
0.8,7100,0.0249,22200,19000,-77300,14,18.4,17,1900,1.91,39.8,0.816
0.8,7200,0.024,23900,20600,-78700,14.3,17.9,17.3,1940,1.93,39.9,0.838
0.8,7300,0.0231,25600,22200,-80100,14.5,17.5,17.2,1980,1.95,39.2,0.858
0.8,7400,0.0222,27300,23700,-81600,14.7,17.1,16.7,2020,1.97,37.7,0.875
0.8,7500,0.0214,29000,25200,-83100,14.9,16.7,15.9,2060,1.99,35.6,0.889
0.8,7600,0.0207,30500,26600,-84600,15.1,16.4,14.8,2100,2.01,33.2,0.899
0.8,7700,0.0201,31900,27900,-86100,15.3,16.1,13.6,2140,2.03,30.6,0.904
0.8,7800,0.0195,33200,29100,-87600,15.5,15.8,12.4,2180,2.05,28.1,0.904
0.8,7900,0.019,34400,30200,-89200,15.6,15.6,11.2,2210,2.07,25.7,0.9
0.8,8000,0.0185,35500,31100,-90800,15.8,15.4,10,2250,2.09,23.5,0.89
0.8,8100,0.0181,36400,32000,-92400,15.9,15.2,8.99,2280,2.11,21.6,0.876
0.8,8200,0.0177,37300,32700,-94000,16,15.1,8.1,2310,2.13,20,0.859
0.8,8300,0.0174,38000,33400,-95600,16.1,15,7.34,2340,2.14,18.8,0.838
0.8,8400,0.017,38700,34000,-97200,16.2,14.9,6.7,2370,2.16,17.7,0.816
0.8,8500,0.0167,39400,34600,-98800,16.3,14.8,6.19,2400,2.18,17,0.793
0.8,8600,0.0165,40000,35100,-100000,16.3,14.7,5.78,2430,2.19,16.5,0.77
0.8,8700,0.0162,40500,35600,-102000,16.4,14.6,5.47,2460,2.21,16.1,0.749
0.8,8800,0.0159,41100,36000,-104000,16.5,14.6,5.24,2480,2.22,16,0.729
0.8,8900,0.0157,41600,36500,-105000,16.5,14.5,5.08,2510,2.24,16,0.71
0.8,9000,0.0154,42100,36900,-107000,16.6,14.4,4.98,2530,2.25,16.1,0.695
0.8,9100,0.0152,42600,37300,-109000,16.6,14.4,4.92,2550,2.26,16.4,0.681
0.8,9200,0.015,43100,37700,-110000,16.7,14.3,4.92,2570,2.28,16.7,0.669
0.8,9300,0.0148,43600,38200,-112000,16.7,14.3,4.95,2590,2.29,17.2,0.659
0.8,9400,0.0146,44100,38600,-114000,16.8,14.2,5.01,2610,2.3,17.7,0.65
0.8,9500,0.0144,44600,39000,-115000,16.8,14.2,5.1,2630,2.31,18.3,0.643
0.8,9600,0.0142,45100,39400,-117000,16.9,14.1,5.21,2640,2.32,19,0.637
0.8,9700,0.014,45600,39900,-119000,16.9,14.1,5.34,2660,2.33,19.7,0.632
0.8,9800,0.0138,46200,40300,-120000,17,14,5.49,2680,2.34,20.4,0.628
0.8,9900,0.0136,46700,40800,-122000,17.1,13.9,5.66,2690,2.34,21.2,0.625
0.8,10000,0.0134,47300,41300,-124000,17.1,13.9,5.85,2710,2.35,22.1,0.622
0.8,10100,0.0132,47900,41800,-126000,17.2,13.8,6.04,2730,2.36,23,0.619
0.8,10200,0.013,48500,42300,-127000,17.2,13.8,6.25,2740,2.36,23.9,0.617
0.8,10300,0.0128,49100,42900,-129000,17.3,13.7,6.47,2760,2.36,24.8,0.615
0.8,10400,0.0126,49800,43400,-131000,17.4,13.6,6.69,2780,2.37,25.8,0.614
0.8,10500,0.0124,50500,44000,-132000,17.4,13.6,6.93,2800,2.37,26.8,0.612
0.9,200,2.38,-9020,-9060,-9930,4.56,44,0.735,226,0.101,0.0955,0.776
0.9,300,1.59,-8940,-9000,-10400,4.88,44,0.846,270,0.15,0.166,0.764
0.9,400,1.19,-8850,-8930,-10900,5.14,44,0.939,308,0.197,0.246,0.753
0.9,500,0.953,-8750,-8850,-11400,5.36,44,1.01,341,0.24,0.326,0.748
0.9,600,0.794,-8650,-8760,-12000,5.55,44,1.08,371,0.28,0.403,0.746
0.9,700,0.681,-8540,-8670,-12500,5.72,44,1.13,399,0.317,0.478,0.746
0.9,800,0.595,-8420,-8570,-13100,5.87,44,1.17,425,0.351,0.548,0.748
0.9,900,0.529,-8300,-8470,-13700,6.01,44,1.2,449,0.383,0.616,0.749
0.9,1000,0.476,-8180,-8370,-14300,6.14,44,1.23,472,0.413,0.68,0.75
0.9,1100,0.433,-8060,-8270,-14900,6.26,44,1.26,494,0.442,0.741,0.752
0.9,1200,0.397,-7930,-8160,-15600,6.37,44,1.28,516,0.47,0.8,0.752
0.9,1300,0.366,-7800,-8050,-16200,6.47,44,1.3,536,0.497,0.859,0.752
0.9,1400,0.34,-7670,-7940,-16900,6.57,44,1.32,556,0.523,0.92,0.751
0.9,1500,0.318,-7540,-7820,-17500,6.66,44,1.35,574,0.548,0.989,0.749
0.9,1600,0.298,-7400,-7700,-18200,6.75,44,1.39,592,0.573,1.07,0.743
0.9,1700,0.28,-7260,-7580,-18900,6.84,44,1.45,609,0.597,1.18,0.735
0.9,1800,0.264,-7110,-7450,-19600,6.92,43.9,1.55,625,0.621,1.34,0.722
0.9,1900,0.25,-6950,-7310,-20300,7.01,43.8,1.7,641,0.644,1.56,0.706
0.9,2000,0.236,-6760,-7150,-21000,7.1,43.7,1.92,656,0.668,1.86,0.688
0.9,2100,0.224,-6560,-6960,-21700,7.2,43.4,2.21,671,0.692,2.28,0.671
0.9,2200,0.212,-6320,-6740,-22400,7.31,43.1,2.6,687,0.716,2.83,0.656
0.9,2300,0.201,-6040,-6490,-23100,7.44,42.6,3.08,705,0.741,3.53,0.646
0.9,2400,0.189,-5700,-6180,-23900,7.58,42,3.66,724,0.767,4.38,0.641
0.9,2500,0.178,-5300,-5810,-24700,7.74,41.1,4.33,746,0.794,5.37,0.64
0.9,2600,0.167,-4830,-5370,-25400,7.93,40.1,5.05,770,0.823,6.46,0.644
0.9,2700,0.156,-4290,-4870,-26300,8.13,39,5.81,796,0.852,7.6,0.651
0.9,2800,0.146,-3670,-4290,-27100,8.36,37.7,6.54,825,0.882,8.75,0.659
0.9,2900,0.135,-2980,-3650,-27900,8.6,36.3,7.22,857,0.911,9.84,0.668
0.9,3000,0.126,-2230,-2950,-28800,8.85,34.8,7.8,890,0.94,10.8,0.676
0.9,3100,0.117,-1430,-2200,-29700,9.12,33.4,8.26,926,0.969,11.7,0.683
0.9,3200,0.108,-583,-1420,-30600,9.39,32,8.6,963,0.997,12.5,0.688
0.9,3300,0.1,289,-607,-31600,9.65,30.6,8.83,1000,1.02,13.1,0.692
0.9,3400,0.0934,1180,215,-32500,9.92,29.3,8.93,1040,1.05,13.5,0.697
0.9,3500,0.087,2070,1040,-33600,10.2,28.1,8.9,1080,1.08,13.6,0.705
0.9,3600,0.0813,2950,1850,-34600,10.4,27.1,8.71,1120,1.11,13.4,0.717
0.9,3700,0.0763,3810,2630,-35600,10.7,26.1,8.31,1160,1.13,12.9,0.731
0.9,3800,0.0719,4610,3360,-36700,10.9,25.2,7.71,1200,1.16,12,0.747
0.9,3900,0.0681,5340,4020,-37800,11.1,24.5,6.95,1240,1.19,10.8,0.764
0.9,4000,0.0648,6000,4610,-38900,11.2,23.9,6.08,1270,1.21,9.48,0.778
0.9,4100,0.062,6560,5110,-40100,11.4,23.5,5.2,1310,1.24,8.17,0.788
0.9,4200,0.0596,7040,5530,-41200,11.5,23.1,4.4,1340,1.26,6.99,0.794
0.9,4300,0.0575,7440,5880,-42400,11.6,22.8,3.7,1380,1.29,6,0.795
0.9,4400,0.0557,7780,6170,-43500,11.7,22.6,3.14,1410,1.31,5.2,0.791
0.9,4500,0.0541,8070,6410,-44700,11.7,22.5,2.7,1440,1.34,4.59,0.785
0.9,4600,0.0526,8330,6620,-45900,11.8,22.4,2.36,1470,1.36,4.14,0.776
0.9,4700,0.0513,8550,6800,-47000,11.8,22.3,2.12,1500,1.38,3.81,0.767
0.9,4800,0.0501,8750,6960,-48200,11.9,22.2,1.93,1530,1.41,3.59,0.758
0.9,4900,0.049,8940,7100,-49400,11.9,22.2,1.8,1560,1.43,3.44,0.75
0.9,5000,0.0479,9110,7240,-50600,11.9,22.1,1.72,1580,1.45,3.35,0.742
0.9,5100,0.0469,9280,7360,-51800,12,22.1,1.66,1600,1.47,3.33,0.735
0.9,5200,0.046,9450,7490,-53000,12,22.1,1.64,1620,1.49,3.35,0.73
0.9,5300,0.045,9610,7610,-54200,12,22.1,1.64,1630,1.52,3.43,0.725
0.9,5400,0.0442,9780,7740,-55400,12.1,22,1.68,1640,1.54,3.59,0.72
0.9,5500,0.0433,9950,7870,-56600,12.1,22,1.76,1650,1.56,3.84,0.714
0.9,5600,0.0425,10100,8010,-57800,12.1,22,1.89,1650,1.58,4.22,0.708
0.9,5700,0.0417,10300,8170,-59000,12.2,22,2.08,1650,1.6,4.75,0.701
0.9,5800,0.0409,10500,8350,-60300,12.2,21.9,2.35,1650,1.63,5.5,0.694
0.9,5900,0.0401,10800,8560,-61500,12.3,21.9,2.73,1650,1.65,6.53,0.688
0.9,6000,0.0393,11100,8810,-62700,12.3,21.8,3.23,1660,1.67,7.89,0.684
0.9,6100,0.0385,11500,9120,-64000,12.4,21.7,3.89,1660,1.69,9.66,0.681
0.9,6200,0.0377,11900,9490,-65200,12.4,21.6,4.73,1670,1.71,11.9,0.682
0.9,6300,0.0368,12400,9960,-66400,12.5,21.4,5.76,1680,1.74,14.6,0.684
0.9,6400,0.0359,13000,10500,-67700,12.6,21.2,6.98,1690,1.76,17.8,0.69
0.9,6500,0.0349,13800,11200,-69000,12.7,21,8.37,1710,1.78,21.3,0.699
0.9,6600,0.0339,14700,12100,-70200,12.9,20.7,9.9,1730,1.8,25.1,0.711
0.9,6700,0.0328,15800,13000,-71500,13,20.3,11.5,1760,1.82,28.8,0.726
0.9,6800,0.0317,17000,14200,-72900,13.2,19.9,13,1790,1.85,32.4,0.744
0.9,6900,0.0306,18400,15500,-74200,13.4,19.5,14.5,1820,1.87,35.4,0.764
0.9,7000,0.0295,19900,16800,-75500,13.6,19.1,15.7,1860,1.89,37.7,0.785
0.9,7100,0.0284,21500,18300,-76900,13.9,18.6,16.5,1890,1.91,39.2,0.806
0.9,7200,0.0273,23200,19900,-78300,14.1,18.1,17,1930,1.93,39.8,0.828
0.9,7300,0.0262,24900,21500,-79700,14.3,17.7,17.1,1970,1.95,39.4,0.848
0.9,7400,0.0253,26600,23000,-81200,14.6,17.3,16.8,2010,1.98,38.3,0.867
0.9,7500,0.0244,28300,24600,-82600,14.8,16.9,16.1,2050,2,36.5,0.882
0.9,7600,0.0236,29800,26000,-84100,15,16.5,15.2,2090,2.02,34.3,0.894
0.9,7700,0.0228,31300,27300,-85600,15.2,16.2,14.1,2130,2.03,31.8,0.901
0.9,7800,0.0221,32600,28600,-87200,15.4,16,12.9,2160,2.05,29.3,0.904
0.9,7900,0.0215,33900,29700,-88700,15.5,15.7,11.7,2200,2.07,26.8,0.902
0.9,8000,0.021,35000,30700,-90300,15.7,15.5,10.5,2240,2.09,24.6,0.895
0.9,8100,0.0205,36000,31600,-91800,15.8,15.3,9.46,2270,2.11,22.6,0.883
0.9,8200,0.02,36900,32400,-93400,15.9,15.2,8.51,2300,2.13,20.9,0.868
0.9,8300,0.0196,37700,33100,-95000,16,15.1,7.7,2330,2.14,19.4,0.849
0.9,8400,0.0193,38400,33700,-96600,16.1,14.9,7.01,2370,2.16,18.3,0.828
0.9,8500,0.0189,39100,34300,-98200,16.2,14.8,6.44,2400,2.18,17.4,0.806
0.9,8600,0.0186,39700,34900,-99900,16.2,14.8,5.98,2420,2.2,16.8,0.783
0.9,8700,0.0183,40300,35400,-101000,16.3,14.7,5.62,2450,2.21,16.3,0.761
0.9,8800,0.018,40800,35800,-103000,16.4,14.6,5.35,2480,2.23,16.1,0.74
0.9,8900,0.0177,41400,36300,-105000,16.4,14.5,5.15,2500,2.24,16,0.721
0.9,9000,0.0174,41900,36700,-106000,16.5,14.5,5.01,2530,2.26,16.1,0.704
0.9,9100,0.0172,42400,37100,-108000,16.5,14.4,4.93,2550,2.27,16.2,0.689
0.9,9200,0.0169,42900,37500,-110000,16.6,14.4,4.89,2570,2.28,16.5,0.676
0.9,9300,0.0167,43300,37900,-111000,16.6,14.3,4.9,2590,2.29,16.9,0.665
0.9,9400,0.0164,43800,38400,-113000,16.7,14.3,4.93,2610,2.31,17.4,0.655
0.9,9500,0.0162,44300,38800,-115000,16.7,14.2,5,2620,2.32,17.9,0.647
0.9,9600,0.016,44800,39200,-116000,16.8,14.2,5.1,2640,2.33,18.5,0.641
0.9,9700,0.0157,45400,39600,-118000,16.8,14.1,5.21,2660,2.34,19.2,0.635
0.9,9800,0.0155,45900,40100,-120000,16.9,14,5.35,2680,2.35,19.9,0.631
0.9,9900,0.0153,46400,40500,-121000,17,14,5.5,2690,2.35,20.7,0.627
0.9,10000,0.0151,47000,41000,-123000,17,13.9,5.67,2710,2.36,21.5,0.623
0.9,10100,0.0149,47600,41500,-125000,17.1,13.9,5.85,2730,2.37,22.3,0.62
0.9,10200,0.0147,48100,42000,-127000,17.1,13.8,6.04,2740,2.37,23.2,0.618
0.9,10300,0.0144,48800,42500,-128000,17.2,13.7,6.25,2760,2.38,24.1,0.616
0.9,10400,0.0142,49400,43100,-130000,17.2,13.7,6.46,2780,2.38,25,0.614
0.9,10500,0.014,50100,43600,-132000,17.3,13.6,6.69,2800,2.38,26,0.613
1,200,2.65,-9020,-9060,-9930,4.54,44,0.735,226,0.101,0.0955,0.776
1,300,1.76,-8940,-9000,-10400,4.86,44,0.846,270,0.15,0.166,0.764
1,400,1.32,-8850,-8930,-10900,5.12,44,0.939,308,0.197,0.246,0.753
1,500,1.06,-8750,-8850,-11400,5.34,44,1.01,341,0.24,0.326,0.748
1,600,0.882,-8650,-8760,-12000,5.53,44,1.08,371,0.28,0.403,0.746
1,700,0.756,-8540,-8670,-12500,5.7,44,1.13,399,0.317,0.478,0.746
1,800,0.662,-8420,-8570,-13100,5.85,44,1.17,425,0.351,0.548,0.748
1,900,0.588,-8300,-8470,-13700,5.99,44,1.2,449,0.383,0.616,0.749
1,1000,0.529,-8180,-8370,-14300,6.12,44,1.23,472,0.413,0.68,0.75
1,1100,0.481,-8060,-8270,-14900,6.24,44,1.26,494,0.442,0.741,0.752
1,1200,0.441,-7930,-8160,-15500,6.35,44,1.28,516,0.47,0.8,0.752
1,1300,0.407,-7800,-8050,-16200,6.45,44,1.3,536,0.497,0.859,0.752
1,1400,0.378,-7670,-7940,-16800,6.55,44,1.32,556,0.523,0.92,0.751
1,1500,0.353,-7540,-7820,-17500,6.64,44,1.35,574,0.548,0.988,0.749
1,1600,0.331,-7400,-7700,-18200,6.73,44,1.39,592,0.573,1.07,0.744
1,1700,0.311,-7260,-7580,-18800,6.82,44,1.45,609,0.597,1.18,0.735
1,1800,0.293,-7110,-7450,-19500,6.9,43.9,1.55,625,0.621,1.33,0.723
1,1900,0.277,-6950,-7310,-20200,6.99,43.8,1.69,641,0.644,1.54,0.707
1,2000,0.263,-6770,-7150,-20900,7.08,43.7,1.9,656,0.668,1.84,0.689
1,2100,0.249,-6560,-6970,-21600,7.18,43.5,2.18,671,0.692,2.25,0.672
1,2200,0.236,-6330,-6750,-22400,7.29,43.1,2.56,687,0.716,2.78,0.658
1,2300,0.223,-6050,-6500,-23100,7.41,42.7,3.02,705,0.741,3.46,0.647
1,2400,0.211,-5720,-6200,-23800,7.55,42,3.59,724,0.767,4.29,0.641
1,2500,0.198,-5330,-5830,-24600,7.71,41.2,4.23,745,0.794,5.25,0.64
1,2600,0.186,-4870,-5410,-25400,7.89,40.3,4.94,769,0.822,6.31,0.644
1,2700,0.174,-4340,-4910,-26200,8.09,39.1,5.68,795,0.851,7.44,0.65
1,2800,0.163,-3740,-4350,-27000,8.31,37.9,6.41,823,0.88,8.57,0.658
1,2900,0.151,-3060,-3720,-27900,8.55,36.5,7.08,854,0.91,9.65,0.667
1,3000,0.141,-2320,-3040,-28700,8.8,35.1,7.65,888,0.939,10.6,0.675
1,3100,0.13,-1530,-2300,-29600,9.06,33.6,8.12,923,0.968,11.5,0.682
1,3200,0.121,-704,-1530,-30500,9.32,32.2,8.47,960,0.996,12.3,0.687
1,3300,0.112,156,-734,-31500,9.59,30.9,8.71,998,1.02,12.9,0.691
1,3400,0.105,1030,77.5,-32400,9.85,29.6,8.83,1040,1.05,13.3,0.696
1,3500,0.0975,1920,892,-33400,10.1,28.4,8.83,1080,1.08,13.5,0.703
1,3600,0.0911,2790,1700,-34500,10.4,27.3,8.67,1120,1.1,13.4,0.714
1,3700,0.0855,3650,2480,-35500,10.6,26.3,8.33,1160,1.13,13,0.728
1,3800,0.0805,4450,3210,-36600,10.8,25.4,7.79,1200,1.16,12.1,0.743
1,3900,0.0761,5200,3880,-37700,11,24.7,7.08,1230,1.19,11,0.76
1,4000,0.0724,5870,4480,-38800,11.2,24.1,6.25,1270,1.21,9.78,0.774
1,4100,0.0692,6450,5000,-39900,11.3,23.6,5.39,1310,1.24,8.49,0.786
1,4200,0.0664,6940,5440,-41000,11.4,23.2,4.58,1340,1.26,7.29,0.793
1,4300,0.0641,7370,5810,-42200,11.5,22.9,3.87,1370,1.29,6.26,0.795
1,4400,0.062,7720,6110,-43300,11.6,22.7,3.28,1410,1.31,5.43,0.793
1,4500,0.0602,8030,6360,-44500,11.7,22.5,2.81,1440,1.34,4.77,0.787
1,4600,0.0586,8290,6580,-45700,11.7,22.4,2.46,1470,1.36,4.28,0.779
1,4700,0.0571,8520,6770,-46900,11.8,22.3,2.19,1500,1.38,3.93,0.77
1,4800,0.0557,8730,6930,-48000,11.8,22.2,1.99,1530,1.4,3.67,0.761
1,4900,0.0544,8920,7080,-49200,11.9,22.2,1.85,1550,1.43,3.5,0.752
1,5000,0.0533,9100,7220,-50400,11.9,22.1,1.75,1580,1.45,3.4,0.745
1,5100,0.0521,9270,7350,-51600,11.9,22.1,1.68,1600,1.47,3.36,0.737
1,5200,0.0511,9440,7480,-52800,12,22.1,1.65,1620,1.49,3.37,0.732
1,5300,0.0501,9600,7600,-54000,12,22.1,1.65,1630,1.52,3.43,0.727
1,5400,0.0491,9770,7730,-55200,12,22,1.67,1640,1.54,3.57,0.722
1,5500,0.0482,9940,7860,-56400,12.1,22,1.74,1650,1.56,3.79,0.716
1,5600,0.0473,10100,8000,-57600,12.1,22,1.85,1650,1.58,4.12,0.71
1,5700,0.0464,10300,8150,-58800,12.1,22,2.02,1660,1.6,4.61,0.703
1,5800,0.0455,10500,8320,-60000,12.2,21.9,2.26,1660,1.63,5.29,0.696
1,5900,0.0446,10800,8520,-61300,12.2,21.9,2.6,1660,1.65,6.22,0.69
1,6000,0.0438,11000,8760,-62500,12.3,21.8,3.06,1660,1.67,7.46,0.685
1,6100,0.0429,11400,9050,-63700,12.3,21.7,3.66,1660,1.69,9.08,0.682
1,6200,0.042,11800,9400,-64900,12.4,21.6,4.43,1670,1.71,11.1,0.681
1,6300,0.041,12300,9840,-66200,12.5,21.5,5.38,1680,1.74,13.7,0.683
1,6400,0.04,12900,10400,-67400,12.5,21.3,6.52,1690,1.76,16.6,0.688
1,6500,0.039,13600,11000,-68700,12.7,21.1,7.84,1710,1.78,20,0.696
1,6600,0.0379,14400,11800,-70000,12.8,20.8,9.29,1730,1.8,23.7,0.707
1,6700,0.0367,15400,12700,-71300,12.9,20.5,10.8,1760,1.82,27.4,0.721
1,6800,0.0355,16600,13800,-72600,13.1,20.1,12.4,1780,1.85,31,0.737
1,6900,0.0343,17900,15000,-73900,13.3,19.7,13.8,1810,1.87,34.2,0.756
1,7000,0.033,19400,16300,-75200,13.5,19.2,15.1,1850,1.89,36.8,0.776
1,7100,0.0318,20900,17800,-76600,13.7,18.8,16.1,1880,1.91,38.6,0.798
1,7200,0.0306,22600,19300,-78000,14,18.3,16.7,1920,1.93,39.5,0.819
1,7300,0.0294,24300,20900,-79400,14.2,17.9,17,1960,1.95,39.5,0.84
1,7400,0.0284,26000,22400,-80800,14.4,17.4,16.8,2000,1.98,38.7,0.859
1,7500,0.0273,27600,24000,-82300,14.6,17.1,16.3,2040,2,37.2,0.875
1,7600,0.0264,29200,25400,-83700,14.9,16.7,15.5,2080,2.02,35.1,0.888
1,7700,0.0256,30700,26800,-85200,15.1,16.4,14.5,2120,2.04,32.8,0.898
1,7800,0.0248,32100,28100,-86700,15.2,16.1,13.3,2160,2.05,30.3,0.902
1,7900,0.0241,33400,29200,-88300,15.4,15.8,12.1,2190,2.07,27.9,0.903
1,8000,0.0235,34500,30300,-89800,15.5,15.6,11,2230,2.09,25.6,0.898
1,8100,0.0229,35600,31200,-91400,15.7,15.4,9.89,2260,2.11,23.5,0.888
1,8200,0.0224,36500,32000,-93000,15.8,15.3,8.91,2290,2.13,21.7,0.875
1,8300,0.0219,37400,32800,-94500,15.9,15.1,8.04,2330,2.15,20.1,0.858
1,8400,0.0215,38100,33500,-96100,16,15,7.31,2360,2.16,18.9,0.838
1,8500,0.0211,38800,34100,-97700,16.1,14.9,6.69,2390,2.18,17.9,0.817
1,8600,0.0207,39500,34600,-99300,16.1,14.8,6.18,2420,2.2,17.1,0.794
1,8700,0.0204,40100,35100,-101000,16.2,14.7,5.78,2450,2.21,16.6,0.772
1,8800,0.02,40600,35600,-103000,16.3,14.7,5.46,2470,2.23,16.2,0.751
1,8900,0.0197,41200,36100,-104000,16.3,14.6,5.23,2500,2.24,16.1,0.731
1,9000,0.0194,41700,36500,-106000,16.4,14.5,5.06,2520,2.26,16,0.713
1,9100,0.0191,42200,36900,-107000,16.4,14.5,4.95,2540,2.27,16.1,0.697
1,9200,0.0188,42700,37300,-109000,16.5,14.4,4.89,2570,2.29,16.4,0.683
1,9300,0.0186,43100,37800,-111000,16.6,14.4,4.87,2590,2.3,16.7,0.671
1,9400,0.0183,43600,38200,-112000,16.6,14.3,4.88,2610,2.31,17.1,0.66
1,9500,0.018,44100,38600,-114000,16.7,14.2,4.93,2620,2.32,17.6,0.652
1,9600,0.0178,44600,39000,-116000,16.7,14.2,5.01,2640,2.33,18.1,0.644
1,9700,0.0175,45100,39400,-117000,16.8,14.1,5.11,2660,2.34,18.8,0.638
1,9800,0.0173,45600,39900,-119000,16.8,14.1,5.23,2680,2.35,19.4,0.633
1,9900,0.017,46200,40300,-121000,16.9,14,5.36,2690,2.36,20.2,0.629
1,10000,0.0168,46700,40800,-123000,16.9,14,5.52,2710,2.37,20.9,0.625
1,10100,0.0166,47300,41200,-124000,17,13.9,5.69,2730,2.38,21.7,0.622
1,10200,0.0163,47900,41700,-126000,17,13.9,5.87,2740,2.38,22.6,0.619
1,10300,0.0161,48400,42200,-128000,17.1,13.8,6.06,2760,2.39,23.5,0.617
1,10400,0.0159,49100,42800,-129000,17.2,13.7,6.26,2780,2.39,24.4,0.615
1,10500,0.0156,49700,43300,-131000,17.2,13.7,6.48,2790,2.39,25.3,0.613
